-- MySQL dump 10.13  Distrib 8.0.27, for Linux (x86_64)
--
-- Host: 127.0.0.1    Database: WGS
-- ------------------------------------------------------
-- Server version	8.0.27-0ubuntu0.20.04.1

/*!40101 SET @OLD_CHARACTER_SET_CLIENT=@@CHARACTER_SET_CLIENT */;
/*!40101 SET @OLD_CHARACTER_SET_RESULTS=@@CHARACTER_SET_RESULTS */;
/*!40101 SET @OLD_COLLATION_CONNECTION=@@COLLATION_CONNECTION */;
/*!50503 SET NAMES utf8mb4 */;
/*!40103 SET @OLD_TIME_ZONE=@@TIME_ZONE */;
/*!40103 SET TIME_ZONE='+00:00' */;
/*!40014 SET @OLD_UNIQUE_CHECKS=@@UNIQUE_CHECKS, UNIQUE_CHECKS=0 */;
/*!40014 SET @OLD_FOREIGN_KEY_CHECKS=@@FOREIGN_KEY_CHECKS, FOREIGN_KEY_CHECKS=0 */;
/*!40101 SET @OLD_SQL_MODE=@@SQL_MODE, SQL_MODE='NO_AUTO_VALUE_ON_ZERO' */;
/*!40111 SET @OLD_SQL_NOTES=@@SQL_NOTES, SQL_NOTES=0 */;

--
-- Table structure for table `Capital`
--
USE `bt62qaouwjhojwysyy5p`;
DROP TABLE IF EXISTS `Capital`;
/*!40101 SET @saved_cs_client     = @@character_set_client */;
/*!50503 SET character_set_client = utf8mb4 */;
CREATE TABLE `Capital` (
  `name` varchar(255) NOT NULL,
  `country_name` varchar(255) NOT NULL,
  `population` int unsigned DEFAULT NULL,
  `governor` varchar(255) DEFAULT NULL,
  `area` float DEFAULT NULL,
  `coordinates` varchar(255) DEFAULT NULL,
  PRIMARY KEY (`name`),
  KEY `country_name` (`country_name`),
  CONSTRAINT `Capital_ibfk_1` FOREIGN KEY (`country_name`) REFERENCES `Country` (`name`) ON DELETE CASCADE ON UPDATE CASCADE
) ENGINE=InnoDB DEFAULT CHARSET=utf8mb4 COLLATE=utf8mb4_0900_ai_ci;
/*!40101 SET character_set_client = @saved_cs_client */;

--
-- Dumping data for table `Capital`
--

/*!40000 ALTER TABLE `Capital` DISABLE KEYS */;
INSERT INTO `Capital` VALUES ('Abu Dhabi','United Arab Emirates',1450000,NULL,972,'24.467°N 54.367°E'),('Abuja','Federal Republic of Nigeria',1235880,NULL,1769,'9.067°N 7.483°E'),('Accra','Republic of Ghana',5055900,NULL,173,'5.550°N 0.200°W'),('Addis Ababa','Federal Democratic Republic of Ethiopia',3384569,'Adanech Abebe',527,'9.03000°N 38.74000°E'),('Algiers','People\'s Democratic Republic of Algeria',3915811,'Abdelkader Seyouda (since 2019)',363,'36.75389°N 3.05889°E'),('Amman','Hashemite Kingdom of Jordan',4302730,'Noor Alnazer Farah Nabulsi',1680,'31.94972°N 35.93278°E'),('Amsterdam','Netherlands',872680,'Femke Halsema (GL)',219.32,'52.367°N 4.900°E'),('Andorra la Vella','Principality of Andorra',22256,NULL,12,'42.500°N 1.500°E'),('Ankara','Republic of Turkey',5663322,'Vasip Şahin',24521,'39.93000°N 32.85000°E'),('Antananarivo','Republic of Madagascar',1275207,'Naina Andriantsitohaina',85.01,'18.933°S 47.517°E'),('Apia','Independent State of Samoa',37391,NULL,47.8,'13.833°S 171.750°W'),('Ashgabat','Turkmenistan',1031992,'Ýaztagan Gylyjow',917.6,'37.93750°N 58.38000°E'),('Asmara','State of Eritrea',963000,'Fshaye Haile',45,'15.32278°N 38.92500°E'),('Asunción','Republic of Paraguay',525252,NULL,117,'25.300°S 57.633°W'),('Athens','Hellenic Republic',664046,'Kostas Bakoyannis (New Democracy)',38.964,'37.98417°N 23.72806°E'),('Baghdad','Republic of Iraq',8126755,'Alaa Al-Amari',673,'33.333°N 44.383°E'),('Baku','Republic of Azerbaijan',2293100,'Eldar Azizov',2140,'40.39528°N 49.88222°E'),('Bamako','Republic of Mali',2713000,NULL,245,'12.63917°N 8.00278°W'),('Bandar Seri Begawan','Nation of Brunei, the Abode of Peace',100700,NULL,100.36,'4.89028°N 114.94222°E'),('Bangkok','Kingdom of Thailand',8305218,'Aswin Kwanmuang',1568.74,'13.75250°N 100.49417°E'),('Bangui','Central African Republic',889231,'Emile Raymond Gros Nakombo (2016–present)',67,'4.37333°N 18.56278°E'),('Banjul','Republic of The Gambia',73000,'Rohey Malick Lowe',12,'13.45306°N 16.57750°W'),('Basseterre','Federation of Saint Christopher and Nevis',14000,NULL,6.1,'17.300°N 62.733°W'),('Beijing','People\'s Republic of China',21893095,'Chen Jining',16410.5,'39.90667°N 116.39750°E'),('Beirut','Lebanese Republic',361366,'Marwan Abboud',19.8,'33.88694°N 35.51306°E'),('Belgrade','Republic of Serbia',1166763,'Zoran Radojičić (Ind.)',359.9,'44.817°N 20.467°E'),('Belmopan','Belize',16451,'Khalid Belisle (UDP)',32.78,'17.25139°N 88.76694°W'),('Berlin','Federal Republic of Germany',3664088,'Michael Müller (SPD)',891.7,'52.52000°N 13.40500°E'),('Bishkek','Kyrgyz Republic',1053915,'Aibek Dzhunushaliev',169.9,'42.87472°N 74.61222°E'),('Bissau','Republic of Guinea-Bissau',492004,NULL,77.5,'11.850°N 15.567°W'),('Bogotá','Republic of Colombia',7412566,'Claudia López Hernández(2020–2023)',1587,'4.71111°N 74.07222°W'),('Brasília','Federative Republic of Brazil',3039444,NULL,5802,'15.79389°S 47.88278°W'),('Bratislava','Slovak Republic',440948,'Matúš Vallo',367.584,'48.14389°N 17.10972°E'),('Brazzaville','Republic of the Congo',1696392,'Dieudonné Bantsimba',263.9,'4.26778°S 15.29194°E'),('Bridgetown','Barbados',110000,NULL,15,'13.09750°N 59.61667°W'),('Brussels','Kingdom of Belgium',1208542,NULL,162.4,'50.850°N 4.350°E'),('Bucharest','Romania',1883425,'Nicușor Dan (Ind.)',228,'44.43250°N 26.10389°E'),('Budapest','Hungary',1752286,'Gergely Karácsony (Dialogue)',525.2,'47.49250°N 19.05139°E'),('Buenos Aires','Argentine Republic',2891082,'Horacio Rodríguez Larreta (PRO)',203,'34.60333°S 58.38167°W'),('Cairo','Arab Republic of Egypt',1539673,'Khaled Abdel Aal',3085.12,'30.033°N 31.233°E'),('Canberra','Commonwealth of Australia',431380,NULL,814.2,'35.29306°S 149.12694°E'),('Caracas','Bolivarian Republic of Venezuela',2245744,NULL,433,'10.48056°N 66.90361°W'),('Castries','Saint Lucia',20000,'Geraldine Lendor-Gabriel',79,'14.017°N 60.983°W'),('Chișinău','Republic of Moldova',532513,'Ion Ceban',123,'47.02278°N 28.83528°E'),('City of San Marino','Republic of San Marino',4071,NULL,7.09,'43.9346000°N 12.4473000°E'),('City-state','Principality of Monaco',NULL,NULL,NULL,NULL),('Conakry','Republic of Guinea',1660973,NULL,450,'9.50917°N 13.71222°W'),('Copenhagen','Denmark',799033,NULL,179.8,'55.67611°N 12.56833°E'),('Dakar','Republic of Senegal',1146052,'Soham El Wardini (2018) (BSS/PS)',83,'14.69278°N 17.44667°W'),('Damascus','Syrian Arab Republic',2079000,NULL,105,'33.51306°N 36.29194°E'),('De jure','Swiss Confederation',NULL,NULL,NULL,NULL),('Dhaka','People\'s Republic of Bangladesh',8906039,'Atiqul Islam',306,'23.76389°N 90.38889°E'),('Dili','Democratic Republic ofTimor-Leste',222323,NULL,48.27,'8.55361°S 125.57833°E'),('Djibouti (city)','Republic of Djibouti',600000,'Fatouma Awaleh Osman',26,'11.58833°N 43.14500°E'),('Dodoma','United Republic of Tanzania',2245800,'Davis G. Mwamfupe',2576,'6.17306°S 35.74194°E'),('Doha','State of Qatar',2382000,NULL,132,'25.28667°N 51.53333°E'),('Dublin','Ireland',554554,'Alison Gilliland (Lab)',117.8,'53.34972°N 6.26028°W'),('Dushanbe','Republic of Tajikistan',863400,'Rustam Emomali (People\'s Democratic Party of Tajikistan)',203.182,'38.53667°N 68.78000°E'),('Freetown','Republic of Sierra Leone',1055964,'Yvonne Aki-Sawyerr (APC)',81.48,'8.48444°N 13.23444°W'),('Funafuti','Tuvalu',6320,NULL,2.4,'8.517°S 179.200°E'),('Gaborone','Republic of Botswana',231626,'Thata Father Maphongo (BDP)',169,'24.65806°S 25.91222°E'),('Georgetown, Guyana','Co-operative Republic of Guyana',118363,'Ubraj Narine',70,'6.80111°N 58.15528°W'),('Gitega','Republic of Burundi',135467,NULL,22,'3.433°S 29.900°E'),('Guatemala City','Republic of Guatemala',995393,'Ricardo Quiñónez Lemus (Unionist)',220,'14.61333°N 90.53528°W'),('Hanoi','Socialist Republic of Vietnam',8053663,NULL,3358.6,'21.02833°N 105.85417°E'),('Harare','Republic of Zimbabwe',2123132,'Jacob Mafume (MDC)',960.6,'17.82917°S 31.05222°E'),('Havana','Republic of Cuba',2130517,'Reinaldo García Zapata (PCC)',728.26,'23.13667°N 82.35889°W'),('Helsinki','Republic of Finland',656250,'Juhana Vartiainen (NCP)',715.48,'60.17083°N 24.93750°E'),('Honiara','Solomon Islands',84520,'Wilson Mamae',22,'9.43194°S 159.95556°E'),('Islamabad','Islamic Republic of Pakistan',1014825,'Peer Adil Shah Gillani',220,'33.69306°N 73.06389°E'),('Jakarta','Republic of Indonesia',10562088,'Anies Baswedan',664.01,'6.200°S 106.817°E'),('Jerusalem','State of Israel',936425,NULL,125156,'31.783°N 35.217°E'),('Juba','Republic of South Sudan',525953,'Stephen Wani Michael',52,'4.850°N 31.600°E'),('Kabul','Islamic Emirate of Afghanistan',4601789,'Hamdullah Nomani',1028.24,'34.52528°N 69.17833°E'),('Kampala','Republic of Uganda',1680600,'Erias Lukwago',189,'0.31361°N 32.58111°E'),('Kathmandu','Federal Democratic Republic of Nepal',975453,'Bidya Sundar Shakya (CPN-UML)',49.45,'27.7172°N 85.3240°E'),('Khartoum','Republic of the Sudan',639598,NULL,1010,'15.50056°N 32.56000°E'),('Kigali','Republic of Rwanda',1132686,'Pudence Rubingisa',730,'1.94389°S 30.05944°E'),('Kingston, Jamaica','Jamaica',662435,'Delroy Williams',480,'17.97139°N 76.79306°W'),('Kingstown','Saint Vincent and the Grenadines',12909,NULL,NULL,'13.15778°N 61.22500°W'),('Kinshasa','Democratic Republic of the Congo',17071000,'Gentiny Ngobila Mbala',9965,'4.32500°S 15.32222°E'),('Kuala Lumpur','Malaysia',1790000,'Mahadi bin Che Ngah\n',243,'3.14778°N 101.69528°E'),('Kuwait City','State of Kuwait',3,NULL,NULL,'29.36972°N 47.97833°E'),('Kyiv','Ukraine',2962180,'Vitali Klitschko',839,'50.45000°N 30.52333°E'),('Libreville','Gabonese Republic',703904,NULL,65.42,'0.39028°N 9.45417°E'),('Lilongwe','Republic of Malawi',989318,'Juliana Kaduya',727.79,'13.983°S 33.783°E'),('Lima','Republic of Peru',9751717,'Jorge Muñoz',2672.3,'12.050°S 77.033°W'),('Lisbon','Portuguese Republic',544851,'Carlos Moedas',100.05,'38.7252668°N 9.1500193°W'),('Ljubljana','Republic of Slovenia',295504,'Zoran Janković (PS)',163.8,'46.05556°N 14.50833°E'),('Lomé','Togolese Republic',837437,'Aouissi Lodé',99.14,'6.13194°N 1.22278°E'),('London','United Kingdom of Great Britain and Northern Ireland',8961989,NULL,1572,'51.50722°N 0.12750°W'),('Luanda','Republic of Angola',2571861,NULL,116,'8.83833°S 13.23444°E'),('Lusaka','Republic of Zambia',1747152,'Miles Sampa',418,'15.417°S 28.283°E'),('Luxembourg City','Grand Duchy of Luxembourg',124528,'Lydie Polfer (DP)',51.46,'49.61167°N 6.13194°E'),('Madrid','Kingdom of Spain',3223334,'José Luis Martínez-Almeida (PP)',604.31,'40.417°N 3.717°W'),('Majuro','Republic of the Marshall Islands',27797,'Ladie Jack',NULL,'7.083°N 171.383°E'),('Malabo','Republic of Equatorial Guinea',297000,NULL,21,'3.7520639°N 8.7737000°E'),('Malé','Republic of Maldives',133412,'Dr. Mohamed Muiz',1.95,'4.17528°N 73.50889°E'),('Managua','Republic of Nicaragua',1055247,'Reyna Rueda',267,'12.13639°N 86.25139°W'),('Manama','Kingdom of Bahrain',200000,'Hamad bin Isa Al Khalifa',30,'26.22500°N 50.57750°E'),('Manila','Republic of the Philippines',1846513,'Isko Moreno (Aksyon/Asenso Manileño)',42.88,'14.6°N 120.98°E'),('Maputo','Republic of Mozambique',1088449,'Iolanda Cintura',347.69,'25.967°S 32.583°E'),('Maseru','Kingdom of Lesotho',330760,NULL,138,'29.31°S 27.48°E'),('Mbabane','Kingdom of Eswatini',94874,'Sikhumbuzo Dube',81.76,'26.317°S 31.133°E'),('Mexico City','United Mexican States',9209944,' Claudia Sheinbaum',1485,'19.433°N 99.133°W'),('Minsk','Republic of Belarus',2009786,NULL,409.5,'53.900°N 27.567°E'),('Mogadishu','Federal Republic of Somalia',2388000,'Omar M. Finnish',NULL,'2.033°N 45.333°E'),('Monrovia','Republic of Liberia',1010970,'Jefferson T. Koijee',75,'6.31333°N 10.80139°W'),('Montevideo','Oriental Republic of Uruguay',1719453,NULL,201,'34.88361°S 56.18194°W'),('Moroni, Comoros','Union of the Comoros',111326,NULL,30,'11.699°S 43.256°E'),('Moscow','Russian Federation',12506468,'Sergey Sobyanin',2561.5,'55.75583°N 37.61722°E'),('Muscat, Oman','Sultanate of Oman',76344,NULL,273.9,'23.58889°N 58.40833°E'),('N\'Djamena','Republic of Chad',916000,NULL,104,'12.11000°N 15.05000°E'),('Nairobi','Republic of Kenya',4397073,'Anne Kananu Mwenda',696,'1.28639°S 36.81722°E'),('Nassau, Bahamas','Commonwealth of The Bahamas',274400,NULL,207,'25.067°N 77.333°W'),('Naypyidaw','Republic of the Union of Myanmar',924608,NULL,7054.37,'19.74750°N 96.11500°E'),('New Delhi','Republic of India',257803,NULL,42.7,'28.6138954°N 77.2090057°E'),('Ngerulmud','Republic of Palau',271,NULL,NULL,'7.50056°N 134.62417°E'),('Niamey','Republic of the Niger',1026848,'Assane Seydou Sanda',239.3,'13.51167°N 2.12528°E'),('Nicosia','Republic of Cyprus',55014,'Constantinos Yiorkadjis (Ind.)',51.06,'35.17250°N 33.36500°E'),('Nouakchott','Islamic Republic of Mauritania',1195600,NULL,1000,'18.08581°N 15.9785°W'),('Nukuʻalofa','Kingdom of Tonga',23221,NULL,NULL,'21.13333°S 175.20000°W'),('Nur-Sultan','Republic of Kazakhstan',1136008,NULL,810.2,'51.167°N 71.433°E'),('Oslo','Kingdom of Norway',697010,'Marianne Borgen (SV)',480,'59.91389°N 10.75222°E'),('Ottawa','Canada',934243,'Jim Watson',2790.3,'45.42472°N 75.69500°W'),('Ouagadougou','Burkina Faso',2453496,'Armand Béouindé (since 2016)',520,'12.367°N 1.533°W'),('Palikir','Federated States of Micronesia',6647,NULL,NULL,'6.91722°N 158.15889°E'),('Panama City','Republic of Panama',880691,'José Luis Fábrega (PRD)',275,'8.983°N 79.517°W'),('Paramaribo','Republic of Suriname',240924,NULL,182,'5.85222°N 55.20389°W'),('Paris','French Republic',2175601,'Anne Hidalgo (PS)',105.4,'48.856613°N 2.352222°E'),('Phnom Penh','Kingdom of Cambodia',2281951,'Khuong Sreng (CPP)',679,'11.56944°N 104.92111°E'),('Podgorica','Montenegro',150977,'Ivan Vuković (DPS)',108,'42.4412861°N 19.2628917°E'),('Port Louis','Republic of Mauritius',147066,'Daniel Eric Clive Laurent',46.7,'20.16444°S 57.50417°E'),('Port Moresby','Independent State of Papua New Guinea',364145,'Powes Parkop (2007-)',240,'9.47889°S 147.14944°E'),('Port of Spain','Republic of Trinidad and Tobago',37074,'Joel Martinez, PNM',12,'10.667°N 61.517°W'),('Port Vila','Republic of Vanuatu',51437,'Erick Puyo Festa',23.6,'17.733°S 168.317°E'),('Port-au-Prince','Republic of Haiti',987310,'Ralph Youri Chevry',36.04,'18.533°N 72.333°W'),('Porto-Novo','Republic of Benin',264320,'Emmanuel Zossou',110,'6.49722°N 2.60500°E'),('Prague','Czech Republic',1335084,'Zdeněk Hřib (Pirates)',496,'50.083°N 14.417°E'),('Praia','Republic of Cabo Verde',159050,NULL,102.6,'14.918°N 23.509°W'),('Pretoria','Republic of South Africa',2472612,'Randall Williams (DA)',687.54,'25.74611°S 28.18806°E'),('Pyongyang','Democratic People\'sRepublic of Korea',2870000,NULL,2000,'39.01944°N 125.73806°E'),('Quito','Republic of Ecuador',2011388,'Santiago Guarderas',372.39,'0.22000°S 78.51250°W'),('Rabat','Kingdom of Morocco',577827,'Asmaa Rhlalou',117,'34.033°N 6.833°W'),('Reykjavík','Iceland',131136,NULL,273,'64.14667°N 21.94000°W'),('Riga','Republic of Latvia',614618,'Mārtiņš Staķis',304.03,'56.94889°N 24.10639°E'),('Riyadh','Kingdom of Saudi Arabia',7676654,'Faisal bin Bandar Al Saud',1973,'24.633°N 46.717°E'),('Rome','Italian Republic',2860009,'Roberto Gualtieri (PD)',1285,'41.883°N 12.500°E'),('Roseau','Commonwealth of Dominica',14725,'Cecil Joseph',NULL,'15.301389°N 61.388333°W'),('San José, Costa Rica','Republic of Costa Rica',342188,'Johnny Araya Monge (PASJ)',44.62,'9.933°N 84.083°W'),('San Salvador','Republic of El Salvador',2406709,'Mario Durán',72.25,'13.69889°N 89.19139°W'),('Sana\'a','Republic of Yemen',2545000,NULL,126,'15.34833°N 44.20639°E'),('Santiago','Republic of Chile',6269384,'Claudio Orrego Larraín',641,'33.450°S 70.667°W'),('Santo Domingo','Dominican Republic',965040,'Carolina Mejía',104.44,'18.467°N 69.950°W'),('São Tomé','Democratic Republic ofSão Tomé and Príncipe',71868,NULL,17,'0.33611°N 6.73056°E'),('Sarajevo','Bosnia and Herzegovina',275524,'Benjamina Karić (SDP BiH)',141.5,'43.867°N 18.417°E'),('Seoul','Republic of Korea',9733509,'Oh Se-hoon (People\'s Power)',NULL,'37.56000°N 126.99000°E'),('Singapore','Republic of Singapore',5453600,NULL,728.6,NULL),('Skopje','Republic of North Macedonia',506926,'Danela Arsovska (Independent)',571.46,'42.000°N 21.433°E'),('Sofia','Republic of Bulgaria',1242568,'Yordanka Fandakova (GERB)',492,'42.70°N 23.33°E'),('South Tarawa','Republic of Kiribati',63439,NULL,15.76,'1.433°N 173.000°E'),('Sri Jayawardenepura Kotte','Democratic Socialist Republic of Sri Lanka',115826,'I M V Premalal (SLPP)',17,'6.917°N 79.917°E'),('St. George\'s, Grenada','Grenada',33734,NULL,NULL,'12.050°N 61.750°W'),('St. John\'s, Antigua and Barbuda','Antigua and Barbuda',22219,NULL,10,'17.117°N 61.850°W'),('Stockholm','Kingdom of Sweden',975819,'Anna König Jerlmyr (M)',188,'59.32944°N 18.06861°E'),('Sucre','Plurinational State of Bolivia',360544,'Rosario López Rojo de Aparicio',1768,'19.05000°S 65.25000°W'),('Suva','Republic of Fiji',93970,NULL,26.24,NULL),('Tallinn','Republic of Estonia',437619,'Mihhail Kõlvart',159.2,'59.43722°N 24.74528°E'),('Tashkent','Republic of Uzbekistan',2571668,'Jahongir Ortiqhojaev',334.8,'41.300°N 69.267°E'),('Tbilisi','Georgia',1171100,'Kakha Kaladze (GD)',504.2,'41.72250°N 44.79250°E'),('Tegucigalpa','Republic of Honduras',1276738,'Nasry Asfura (PNH)',1502,'14.100°N 87.217°W'),('Tehran','Islamic Republic of Iran',8693706,'Alireza Zakani',615,'35.68917°N 51.38889°E'),('Thimphu','Kingdom of Bhutan',114551,NULL,26.1,'27.47222°N 89.63611°E'),('Tirana','Republic of Albania',557422,'Erion Veliaj (PS)',1110.03,'41.32889°N 19.81778°E'),('Tokyo','Japan',14043239,'Yuriko Koike (TF)',2194.07,'35.68972°N 139.69222°E'),('Tripoli','State of Libya',1170000,'Abdulrauf Beitelmal',1507,'32.88722°N 13.19139°E'),('Tunis','Republic of Tunisia',638845,'Souad Abderrahim (Ennahda)',212.63,'36.80639°N 10.18167°E'),('Ulaanbaatar','Mongolia',1466125,'Dolgorsürengiin Sumyaabazar (MPP)',4704.4,'47.92028°N 106.91722°E'),('Vaduz','Principality of Liechtenstein',5696,'Manfred Bischof (FBP)',17.3,'47.141°N 9.521°E'),('Valletta','Republic of Malta',5827,'Alfred Zammit (PL)',0.61,'35.89833°N 14.51250°E'),('Victoria, Seychelles','Republic of Seychelles',26450,'David André',20.1,'4.617°S 55.450°E'),('Vienna','Republic of Austria',1911191,'Michael Ludwig (SPÖ)',414.78,'48.200°N 16.367°E'),('Vientiane','Lao People\'s Democratic Republic',948477,NULL,3920,'17.967°N 102.600°E'),('Vilnius','Republic of Lithuania',588412,'Remigijus Šimašius',401,'54.683°N 25.283°E'),('Warsaw','Republic of Poland',1794166,'Rafał Trzaskowski (PO)',517.24,'52.233°N 21.017°E'),('Washington, D.C.','United States of America',689545,'Muriel Bowser (D)',68.34,'38.9101°N 77.0147°W'),('Wellington','New Zealand',215900,'Andy Foster',303.67,'41.28889°S 174.77722°E'),('Windhoek','Republic of Namibia',431000,'Job Amupanda (AR)',5133,'22.57000°S 17.08361°E'),('Yamoussoukro','Republic of Côte d\'Ivoire',361893,'Augustin Abdoulaye Thiam Houphouët',3500,'6.81611°N 5.27417°W'),('Yaoundé','Republic of Cameroon',2765600,NULL,180,'3.867°N 11.517°E'),('Yaren District','Republic of Nauru',747,NULL,1.5,'0.5477000°S 166.9208667°E'),('Yerevan','Republic of Armenia',1060138,'Hayk Marutyan',223,'40.18139°N 44.51444°E'),('Zagreb','Republic of Croatia',790017,'Tomislav Tomašević (Možemo!)',641,'45.817°N 15.983°E');
/*!40000 ALTER TABLE `Capital` ENABLE KEYS */;

--
-- Table structure for table `Country`
--

DROP TABLE IF EXISTS `Country`;
/*!40101 SET @saved_cs_client     = @@character_set_client */;
/*!50503 SET character_set_client = utf8mb4 */;
CREATE TABLE `Country` (
  `name` varchar(255) NOT NULL,
  `calling_code` varchar(255) DEFAULT NULL,
  `driving_side` char(1) DEFAULT NULL,
  `gov_type` varchar(255) DEFAULT NULL,
  `continent` varchar(255) NOT NULL,
  `legislature` varchar(255) DEFAULT NULL,
  `population` int unsigned DEFAULT NULL,
  `area` float DEFAULT NULL,
  `water_percentage` float DEFAULT NULL,
  `gdp_pp` float DEFAULT NULL,
  `gdp_nominal` float DEFAULT NULL,
  `gini_index` float DEFAULT NULL,
  `hdi` float DEFAULT NULL,
  `covid_cases` int DEFAULT NULL,
  `vaccines` int unsigned DEFAULT NULL,
  PRIMARY KEY (`name`)
) ENGINE=InnoDB DEFAULT CHARSET=utf8mb4 COLLATE=utf8mb4_0900_ai_ci;
/*!40101 SET character_set_client = @saved_cs_client */;

--
-- Dumping data for table `Country`
--

/*!40000 ALTER TABLE `Country` DISABLE KEYS */;
INSERT INTO `Country` VALUES ('Antigua and Barbuda','+1-268','l','Unitary parliamentary constitutional monarchy','North_America','Parliament',97000,440,0,2731000000,1717000000,NULL,0.778,4091,108001),('Arab Republic of Egypt','+20','r','Unitary semi-presidentialrepublic','Africa','Parliament',101478581,1010410,0.632,1391000000000,362000000000,31.5,0.707,339335,30563571),('Argentine Republic','+54','r','Federal presidential constitutional republic','South_America','National Congress',45605826,2780400,1.57,1033000000000,444458000000,42.9,0.845,5299418,61821032),('Barbados','+1 -246','l','Unitary parliamentary constitutional monarchy','North_America','Parliament',287025,439,0,5398000000,5207000000,NULL,0.814,20676,279295),('Belize','+501','r','Unitary parliamentary constitutional monarchy','North_America','National Assembly',419199,22966,0.8,3484000000,1987000000,53.1,0.716,28162,391846),('Bolivarian Republic of Venezuela','+58','r','Federal dominant-party presidential constitutional republic','South_America','National Assembly',28887118,916445,3.2,NULL,44893000000,44.8,0.711,414220,23156914),('Bosnia and Herzegovina','+387','r','Federal parliamentaryconstitutional republic','Europe','Parliamentary Assembly',3824782,51129,1.4,51996000000,21953000000,32.7,0.78,260837,1479596),('Burkina Faso','+226','r','Unitary semi-presidential constitutional republic','Africa','National Assembly',21510181,274200,0.146,45339000000,16226000000,38.9,0.452,15103,380344),('Canada','+1','r','Federal parliamentaryconstitutional monarchy','North_America','Parliament',38246108,9984670,11.76,2027000000000,2016000000000,30.3,0.929,1738543,59190148),('Central African Republic','+236','r','Unitary semi-presidential constitutional republic','Africa','National Assembly',4666368,622984,0,4262000000,2321000000,56.3,0.397,11579,422372),('Co-operative Republic of Guyana','+592','l','Unitary parliamentary republic with an executive presidency','South_America','National Assembly',743700,214970,8.4,18357000000,7255000000,44.6,0.682,36257,634491),('Commonwealth of Australia','+61','l','Federal parliamentary constitutional monarchy','Oceania','Parliament',25895300,7692020,1.79,1427000000000,1611000000000,32.5,0.944,182870,36918760),('Commonwealth of Dominica','+1-767','l','Unitary dominant-party parliamentary republic','North_America','House of Assembly of Dominica',71625,750,1.6,688000000,485000000,NULL,0.742,5070,53307),('Commonwealth of The Bahamas','+1 242','l','Unitary parliamentary constitutional monarchy','North_America','Parliament',385637,13878,28,12612000000,12803000000,NULL,0.814,22592,263795),('Czech Republic','+420b','r','Unitary parliamentaryconstitutional republic','Europe','Parliament',10701777,78871,2.12,432346000000,261732000000,24,0.9,NULL,NULL),('Democratic People\'sRepublic of Korea','+850','r','Unitary Juche one-party socialist republic under a totalitarian hereditary dictatorship','Asia','Supreme People\'s Assembly',25549604,120540,0.11,40000000000,30000000000,NULL,NULL,NULL,NULL),('Democratic Republic of the Congo','+243','r','Unitary semi-presidential constitutional republic','Africa','Parliament',92377393,2345410,3.32,77486000000,46117000000,42.1,0.48,54009,151795),('Democratic Republic ofSão Tomé and Príncipe','+239','r','Unitary semi-presidential republic','Africa','National Assembly',211028,1001,0,685000000,355000000,56.3,0.625,NULL,NULL),('Democratic Republic ofTimor-Leste','+670','l','Unitary presidential constitutional republic','Asia','National Parliament',1340513,15007,0,5315000000,1920000000,28.7,0.606,NULL,NULL),('Democratic Socialist Republic of Sri Lanka','+94','l','Unitary semi-presidential constitutional republic','Asia','Parliament',22156000,65610,4.4,306997000000,84532000000,39.8,0.782,546653,29380388),('Denmark','\n3 calling codes\n +45      (Denmark)\n +298    (Faroe Islands)\n +299    (Greenland)\n\n','r','Unitary parliamentaryconstitutional monarchy','Europe','Folketing',5850189,42933,1.74,299000000000,370000000000,27.3,0.94,407417,8912383),('Dominican Republic','+1-809, +1-829, +1-849','r','Unitary presidential republic','North_America','Congress',10878246,48671,0.7,215999000000,96291000000,43.7,0.756,390058,13421922),('Federal Democratic Republic of Ethiopia','+251','r','Ethnofederalist (federal)  parliamentary constitutional republic','Africa','Federal Parliamentary Assembly',117876227,1104300,0.7,278000000000,91514000000,35,0.485,367647,5047106),('Federal Democratic Republic of Nepal','+977','l','Federal parliamentary republic','Asia','Federal Parliament',28095714,147516,2.8,122620000000,36084000000,32.8,0.602,815372,15918578),('Federal Republic of Germany',NULL,'r','Federal parliamentary republic','Europe',NULL,83190556,357022,1.27,4743000000000,4319000000000,29.7,0.947,4857463,113164222),('Federal Republic of Nigeria','+234','r','Federal presidential constitutional republic','Africa','National Assembly',211400708,923769,1.4,1116000000000,514049000000,35.1,0.539,212829,8862242),('Federal Republic of Somalia','+252','r','Federal parliamentary republic','Africa','Federal Parliament',15893219,637657,NULL,13324000000,5218000000,NULL,0.361,22693,691649),('Federated States of Micronesia','+691','r','Federal assembly-independent republic under non-partisan democracy','Oceania','Congress',104468,702,0,367000000,383000000,40.1,0.62,NULL,NULL),('Federation of Saint Christopher and Nevis','+1 869','l','Federal parliamentaryconstitutional monarchy','North_America','National Assembly',52441,261,0,1758000000,1058000000,NULL,0.779,2717,50607),('Federative Republic of Brazil','+55','r','Federal presidential constitutional republic','South_America','National Congress',210147125,8515770,0.65,3328000000000,1491000000000,53.4,0.765,21897025,279097836),('French Republic','+33','r','Unitary semi-presidential constitutional republic','Europe','Parliament',67413000,640679,0.86,3232000000000,2938000000000,29.2,0.901,7051795,100064762),('Gabonese Republic','+241','r','Unitary dominant-party presidential republic','Africa','Parliament',2119275,267667,3.76,38280000000,17212000000,38,0.703,36330,244055),('Georgia','+995','r','Unitary parliamentary constitutional republic','Asia','Parliament',3728573,69700,NULL,46050000000,17830000000,35.9,0.812,NULL,NULL),('Grand Duchy of Luxembourg','+352','r','Unitary parliamentary constitutional monarchy','Europe','Chamber of Deputies',633622,2586.4,0.23,66848000000,69453000000,32.3,0.916,83479,893392),('Grenada','+1-473','l','Unitary two-party parliamentary constitutional monarchy','North_America','Parliament',111454,348.5,1.6,1801000000,1249000000,NULL,0.779,5863,70861),('Hashemite Kingdom of Jordan','+962','r','Unitary parliamentaryconstitutional monarchy','Asia','Parliament',10658123,89342,0.6,102158000000,42609000000,35.4,0.729,880943,7589001),('Hellenic Republic','+30','r','Unitary parliamentary republic','Europe','Hellenic Parliament',10718565,131957,1.51,339668000000,211645000000,31.4,0.888,801208,12944760),('Hungary','+36','r','Unitary parliamentary constitutional republic','Europe','National Assembly',9730000,93030,3.7,359901000000,180959000000,28.3,0.854,914586,13132409),('Iceland','+354','r','Unitary parliamentary republic','Europe','Althing',371580,102775,2.07,19800000000,20800000000,23.2,0.949,14757,574658),('Independent State of Papua New Guinea','+675','l','Unitary parliamentaryconstitutional monarchy','Oceania','National Parliament',8935000,462840,2,32382000000,21543000000,41.9,0.555,31893,290513),('Independent State of Samoa','+685','l','Unitary parliamentary constitutional republic','Oceania','Legislative Assembly',202506,2842,0.3,1188000000,881000000,38.7,0.715,NULL,NULL),('Ireland','+353','l','Unitary parliamentary republic','Europe','Oireachtas',5011500,70273,2,500000000000,477000000000,28.3,0.955,NULL,NULL),('Islamic Emirate of Afghanistan','+93','r','Unitary Islamic caretaker government under an autocracy','Asia',NULL,32890171,652864,0,72911000000,21657000000,NULL,0.511,156397,5852810),('Islamic Republic of Iran','+98','r','Unitary Khomeinist presidential Islamic republic','Asia','Islamic Consultative Assembly',83183741,1648200,1.63,1007000000000,611000000000,42,0.783,6004460,92677737),('Islamic Republic of Mauritania','+222','r','Unitary semi-presidential Islamic republic','Africa','National Assembly',4403313,1030000,0.03,18117000000,5200000000,32.6,0.546,37755,1298995),('Islamic Republic of Pakistan','+92','l','Federal parliamentary constitutional republic','Asia','Parliament',225199937,881913,2.86,1110000000000,296000000000,31.6,0.557,1278114,113188078),('Italian Republic','+39c','r','Unitary parliamentaryconstitutional republic','Europe','Parliament',60317116,301340,1.24,2610000000000,2106000000000,32.8,0.892,4818705,91096965),('Jamaica','+1-876+1-658 (Overlay of 876; active in November 2018)','l','Unitary parliamentary constitutional monarchy','North_America','Parliament',2726667,10991,1.5,26981000000,15424000000,35,0.734,89788,1004716),('Japan','+81','l','Unitary parliamentary constitutional monarchy','Asia','National Diet',125360000,377975,1.4,5586000000000,5378000000000,33.4,0.919,1723976,192610138),('Kingdom of Bahrain','+973','r','Unitary Islamic constitutional monarchy','Asia','National Assembly',1569446,785.08,0,78760000000,41607000000,NULL,0.852,277113,2804342),('Kingdom of Belgium','+32','r','Federal parliamentaryconstitutional monarchy','Europe','Federal Parliament',11492641,30689,0.71,575808000000,503416000000,25.4,0.919,1438830,16925325),('Kingdom of Bhutan','+975','l','Unitary parliamentary constitutional monarchy','Asia','Parliament',754388,38394,1.1,7701000000,2547000000,37.4,0.654,2623,1148146),('Kingdom of Cambodia','+855','r','Unitary dominant-party parliamentary elective constitutional monarchy','Asia','Parliament',15552211,181035,2.5,76635000000,26628000000,36,0.594,119227,28091131),('Kingdom of Eswatini','+268','l','Unitary absolute monarchy','Africa','Parliament',1160164,17364,0.9,10463000000,4211000000,54.6,0.611,46462,279406),('Kingdom of Lesotho','+266','l','Unitary parliamentary constitutional monarchy','Africa','Parliament',2108328,30355,0.0032,7448000000,2721000000,44.9,0.527,21685,383341),('Kingdom of Morocco','+212','r','Unitary parliamentary semi-constitutional monarchy','Africa','Parliament',37112080,710850,0.056,332358000000,122458000000,40.3,0.686,947610,48083925),('Kingdom of Norway','+47','r','Unitary parliamentary constitutional monarchy','Europe',' Stortinget Sámediggi ',5402171,385207,5.32,350000000000,366000000000,25.4,0.957,220513,7969588),('Kingdom of Saudi Arabia','+966','r','Unitary Islamic absolute monarchy','Asia','none',34218169,2149690,0.7,1924000000000,779289000000,45.9,0.854,549022,46288357),('Kingdom of Spain','+34','r','Unitary parliamentary constitutional monarchy','Europe','Cortes Generales',47450795,505990,0.89,1942000000000,1450000000000,33,0.904,5032056,72805128),('Kingdom of Sweden','+46','r','Unitary parliamentaryconstitutional monarchy','Europe','Riksdag',10402070,450295,8.37,563882000000,528929000000,26.9,0.945,1179192,14697481),('Kingdom of Thailand','+66','l','Unitary parliamentary constitutional monarchy','Asia','National Assembly',69950850,513120,0.4,1340000000000,536841000000,34.9,0.777,1982495,80499612),('Kingdom of Tonga','+676','l','Unitary parliamentary  constitutional monarchy','Oceania','Legislative Assembly',100651,748,4,655000000,493000000,37.6,0.725,NULL,NULL),('Kyrgyz Republic','+996','r','Unitary presidential constitutional republic','Asia','Supreme Council',6586600,199951,3.6,35324000000,8455000000,27.7,0.697,181936,1805684),('Lao People\'s Democratic Republic','+856','r','Unitary Marxist–Leninist one-party socialist republic','Asia','National Assembly',7123205,237955,2,58329000000,20153000000,36.4,0.613,48892,6028604),('Lebanese Republic','+961','r','Unitary parliamentary confessionalist constitutional republic','Asia','Parliament',6859408,10452,1.8,91000000000,18000000000,31.8,0.744,647778,3388502),('Malaysia','+60','l','Federal parliamentary elective constitutional monarchy','Asia','Parliament',32730000,330803,0.3,900426000000,336330000000,41,0.81,2517173,50337394),('Mongolia','+976','r','Unitary semi-presidential republic','Asia','State Great Khural',3353470,1564120,0.67,47000000000,13700000000,32.7,0.737,368353,4397342),('Montenegro','+382','r','Unitary parliamentary constitutional republic','Europe','Skupština',621873,13812,2.6,11994000000,4790000000,34.1,0.829,149729,507082),('Nation of Brunei, the Abode of Peace','+673','l','Unitary Islamic absolutemonarchy','Asia','Legislative Council',460345,5765,8.6,36854000000,13325000000,NULL,0.838,13864,633464),('Netherlands','+31, +599','r','The Hague','Europe','States General',17656500,41865,18.41,1055000000000,1012000000000,27.5,0.944,2224096,24872036),('New Zealand','+64','l','Unitary parliamentary constitutional monarchy','Oceania','Parliament',5134490,268021,1.6,226566000000,243332000000,33.9,0.931,7922,7078006),('Oriental Republic of Uruguay','+598','r','Unitary presidential constitutional republic','South_America','General Assembly',3518552,176215,1.5,86562000000,62917000000,39.7,0.817,395610,6661158),('People\'s Democratic Republic of Algeria','+213','r','Unitary semi-presidential constitutional republic','Africa','Parliament',44700000,2381740,1.1,532565000000,163512000000000,27.6,0.748,207385,11271319),('People\'s Republic of Bangladesh','+880','l','Unitarydominant-party parliamentaryconstitutional republic','Asia','Jatiya Sangsad',161376708,148560,6.4,966485000000,409000000000,39.5,0.632,1571434,76877974),('People\'s Republic of China','+86 (Mainland);+852 (Hong Kong)+853 (Macau)','r','Unitary Marxist–Leninist one-party socialist republic','Asia','National People\'s Congress',1411778724,9596960,2.8,26660000000000,16640000000000,46.7,0.761,97900,2330726000),('Plurinational State of Bolivia','+591','r','Unitary presidential constitutional republic','South_America','Plurinational Legislative Assembly',11428245,1098580,1.29,89018000000,40687000000,41.6,0.718,518870,8890770),('Portuguese Republic','+351','r','Unitary semi-presidential constitutional republic','Europe','Assembly of the Republic',10347892,92212,1.2,376100000000,251700000000,31.9,0.864,1099307,16246592),('Principality of Andorra','+376','r','Unitary parliamentary constitutional diarchy','Europe','General Council',77543,467.63,0.26,NULL,3237000000,27.21,0.868,15717,102692),('Principality of Liechtenstein','+423','r','Unitary semi-direct democracy under a parliamentary semi-constitutional monarchy','Europe','Landtag',38896,160,2.7,5300000000,5155000000,NULL,0.919,3781,49963),('Principality of Monaco','+377','r','Unitary constitutional monarchy','Europe','National Council',38300,2.02,0,7672000000,7185000000,NULL,NULL,3451,49980),('Republic of Albania','+355','r','Unitary parliamentary constitutional republic','Europe','Kuvendi',2845955,28748,4.7,42594000000,16753000000,34.3,0.795,190125,1947148),('Republic of Angola','+244','r','Unitary dominant-party presidential constitutional republic','Africa','National Assembly',31127674,1246700,0,213034000000,64480000000,51.3,0.581,64762,7246966),('Republic of Armenia','+374','r','Unitary parliamentary republic','Asia','National Assembly',2963900,29743,4.71,32893000000,13444000000,29.9,0.776,322364,709345),('Republic of Austria','+43','r','Federal parliamentary republic','Europe','Parliament',8935112,83879,0.84,461432000000,446315000000000,27,0.922,899777,11766792),('Republic of Azerbaijan','+994','r','Unitary semi-presidential constitutional republic','Asia','National Assembly',10130100,86600,1.6,189050000000,45284000000,33.7,0.756,550446,9917741),('Republic of Belarus','+375','r','Unitary presidential republic under a dictatorship','Europe','National Assembly',9349645,207595,1.4,185889000000,57708000000,25.3,0.823,617719,4766181),('Republic of Benin','+229','r','Unitary presidential republic','Africa','National Assembly',11733059,114763,0.4,29918000000,11386000000,47.8,0.545,24804,347270),('Republic of Botswana','+267','l','Unitary dominant-party parliamentary constitutional republic','Africa','National Assembly',2254068,581730,2.7,43389000000,18726000000,53.3,0.735,193449,1028674),('Republic of Bulgaria','+359','r','Unitary parliamentary republic','Europe','National Assembly',6875040,110994,2.16,174998000000,77782000000,40,0.816,643003,2628498),('Republic of Burundi','+257','r','Unitary dominant-party presidential constitutional republic','Africa','Parliament',11865821,27834,10,8380000000,3573000000,39.2,0.433,20170,914),('Republic of Cabo Verde','+238','r','Unitary semi-presidential republic','Africa','National Assembly',483628,4033,0,4323000000,2042000000,42.4,0.665,38264,511628),('Republic of Cameroon','+237','r','Unitary dominant-party semi-presidential constitutional republic','Africa','Parliament',26545864,475442,0.57,101950000000,44893000000,46.6,0.563,104348,507363),('Republic of Chad','+235','r','Unitary provisional government under a military junta','Africa','Transitional Military Council',16244513,1284000,1.9,30000000000,11000000000,43.3,0.398,5107,229019),('Republic of Chile','+56','r','Unitary presidential constitutional republic','South_America','National Congress',17574003,756096,2.1,456394000000,245414000000,46,0.851,1713188,37678211),('Republic of Colombia','+57','r','Unitary presidential constitutional republic','South_America','Congress',50372424,1141750,2.1,827662000000,343177000000,51.3,0.767,5019158,49123580),('Republic of Costa Rica','+506','r','Unitary presidential constitutional republic','North_America','Legislative Assembly',5094118,51100,1.05,95791000000,65179000000,49.7,0.81,563290,6567309),('Republic of Côte d\'Ivoire','+225','r','Unitary presidential constitutional republic','Africa','Parliament of Ivory Coast',26378274,322463,1.4,144497000000,61502000000,41.5,0.538,NULL,NULL),('Republic of Croatia','+385','r','Unitary parliamentary constitutional republic','Europe','Croatian Parliament',4058165,56594,1.09,119000000000,65000000000,28.3,0.851,507535,3690148),('Republic of Cuba','+53','r','Unitary Marxist–Leninist one-party socialist republic','North_America','National Assembly of People\'s Power',11181595,109884,0,254865000000,105355000000,38,0.783,956919,26389209),('Republic of Cyprus','+357','l','Unitary presidential constitutional republic','Asia','House of Representatives',1189265,9251,9,38561000000,26546000000,29.3,0.887,126231,1223157),('Republic of Djibouti','+253','r','Unitary dominant-party presidential republic','Africa','National Assembly',921804,23200,0.09,3974000000,2187000000,41.6,0.524,13493,92097),('Republic of Ecuador','+593','r','Unitary presidential constitutional republic','South_America','National Assembly',17715822,283561,5,202043000000,106289000000,45.4,0.759,519560,22692858),('Republic of El Salvador','+503','r','Unitary presidential constitutional republic','North_America','Legislative Assembly',6830000,21041,1.5,53667000000,25855000000,38.8,0.673,116258,8755860),('Republic of Equatorial Guinea','+240','r','Unitary de facto one-party presidential republic','Africa','Parliament',1454789,28050,0,29162000000,12432000000,NULL,0.592,13459,436479),('Republic of Estonia','+372','r','Unitary parliamentary republic','Europe','Riigikogu',1330068,45339,5.16,49644000000,34970000000,30.5,0.892,206972,1449142),('Republic of Fiji','+679','l','Unitary parliamentary representative democratic republic','Oceania','Parliament',926276,18274,0,9112000000,5223000000,36.4,0.743,52298,1196888),('Republic of Finland','+358','r','Unitary parliamentary republic','Europe','Parliament',5536146,338455,9.71,257000000000,277000000000,26.2,0.938,165302,8177958),('Republic of Ghana','+233','r','Unitary presidentialconstitutional republic','Africa','Parliament',31072940,239567,4.61,226000000000,73594000000,43.5,0.611,130608,3162666),('Republic of Guatemala','+502','r','Unitary presidential republic','North_America','Congress of the Republic',17263239,108889,0.4,145249000000,79109000000,48.3,0.663,606743,8825957),('Republic of Guinea','+224','r','Unitary provisional government under a military junta','Africa','National Assembly',12414293,245857,0,26451000000,9183000000,33.7,0.477,30709,2276474),('Republic of Guinea-Bissau','+245','r','Unitary semi-presidential republic','Africa','National People\'s Assembly',1726000,36125,22.4,3391000000,1480000000,50.7,0.48,6150,276355),('Republic of Haiti','+509','r','Unitary semi-presidential republic','North_America','Parliament',11439646,27750,0.7,34189000000,22431000000,41.1,0.51,24233,135748),('Republic of Honduras','+504','r','Unitary presidential republic','North_America','National Congress',9587522,112492,NULL,49010000000,23835000000,52.1,0.632,376676,7300131),('Republic of India','+91','l','Federal parliamentary constitutional republic','Asia','Parliament',1352642280,3287260,9.6,10207000000000,3050000000000,35.7,0.645,34377113,1088236037),('Republic of Indonesia','+62','l','Unitary presidential constitutional republic','Asia','People\'s Consultative Assembly',270203917,1904570,4.85,3507000000000,1159000000000,38.2,0.718,4248843,204606962),('Republic of Iraq','+964','r','Federal parliamentary republic','Asia','Council of Representatives',40222503,438317,4.62,413316000000,250070000000,29.5,0.674,2065127,9632835),('Republic of Kazakhstan','+7-6xx, +7-7xx','r','Unitary dominant-party presidential constitutional republic','Asia','Parliament',18711560,2724900,1.7,569813000000,179332000000,27.5,0.825,1032244,16084460),('Republic of Kenya','+254','l','Unitary presidential constitutional republic','Africa','Parliament',54985698,580367,2.3,250854000000,109116000000,40.8,0.601,253879,5691050),('Republic of Kiribati','+686','l','Unitary parliamentary republic with an executive presidency','Oceania','House of Assembly',119940,811,NULL,255000000,187000000,NULL,0.63,NULL,NULL),('Republic of Korea','+82','r','Unitary presidentialconstitutional republic','Asia','National Assembly',51709098,100363,0.3,2436000000000,1806000000000,34.5,0.916,385831,80183484),('Republic of Latvia','+371','r','Unitary parliamentary constitutional republic','Europe','Saeima',1907675,64589,2.09,63539000000,37720000000,35.2,0.866,233698,2030734),('Republic of Liberia','+231','r','Unitary presidential constitutional republic','Africa','Legislature of Liberia',5214030,111369,13.514,6468000000,3221000000,35.3,0.48,5817,438563),('Republic of Lithuania','+370','r','Unitary semi-presidential republic','Europe','Seimas',2784279,65300,1.98,107000000000,56000000000,35.4,0.882,430855,3442819),('Republic of Madagascar','+261','r','Unitary semi-presidential constitutional republic','Africa','Parliament',28427328,587041,5,45948000000,12734000000,42.6,0.528,43632,566265),('Republic of Malawi','+265','l','Unitary presidential republic','Africa','National Assembly',19129952,118484,20.6,25037000000,7436000000,44.7,0.483,61821,1262588),('Republic of Maldives','+960','l','Unitary Presidential Constitutional republic','Asia','People\'s Majlis',557426,300,NULL,8972000000,4536000000,31.3,0.74,89126,754195),('Republic of Mali','+223','r','Unitary semi-presidential republic currently under a military junta','Africa','National Assembly',20250833,1240190,1.6,44329000000,17407000000,33,0.434,16468,596435),('Republic of Malta','+356','l','Unitary parliamentary constitutional republic','Europe','Parliament of Malta',514564,316,0.001,22802000000,15134000000,28,0.895,37966,888880),('Republic of Mauritius','+230','l','Unitary parliamentary constitutional republic','Africa','National Assembly',1265475,2040,0.07,31705000000,14812000000,36.8,0.804,18979,1760061),('Republic of Moldova','+373','r','Unitary parliamentary constitutional secular republic','Europe','Parliament',2597100,33843.5,1.4,36886000000000,12396000000000,25.7,0.75,348588,1457475),('Republic of Mozambique','+258','l','Unitary dominant-party semi-presidential constitutional republic','Africa','Assembly of the Republic',30066648,801590,2.2,41473000000,15372000000,45.7,0.456,151382,6585750),('Republic of Namibia','+264','l','Unitary dominant-party semi-presidential constitutional republic','Africa','Parliament',2550226,825615,0,23855000000,10927000000,59.1,0.646,129023,600216),('Republic of Nauru','+674','l','Unitary parliamentary republic under a non-partisan democracy','Oceania','Parliament',10670,21,0.57,160000000,114000000,NULL,NULL,NULL,NULL),('Republic of Nicaragua','+505','r','Unitary dominant-party presidential constitutional republic','North_America','National Assembly',6486201,130375,7.14,35757000000,13380000000,46.2,0.66,16699,1674896),('Republic of North Macedonia','+389','r','Unitary parliamentary republic','Europe','Assembly',1832696,25713,1.9,33822000000,12383000000,30.7,0.774,206910,1624729),('Republic of Palau','+680','r','Unitary presidential constitutional republic under a non-partisan democracy','Oceania','Olbiil era Kelulau',17907,459,0,300000000,322000000,NULL,0.826,NULL,NULL),('Republic of Panama','+507','r','Unitary presidential constitutional republic','North_America','National Assembly',4379039,75417,2.9,121749000000,73369000000,49.9,0.815,473522,5469391),('Republic of Paraguay','+595','r','Unitary presidential republic','South_America','Congress',7359000,406796,2.6,101075000000,44557000000,46.2,0.728,461413,5316775),('Republic of Peru','+51','r','Unitary presidential republic','South_America','Congress of the Republic',34294231,1285220,0.41,385719000000,195761000000,41.5,0.777,2207890,36146674),('Republic of Poland','+48','r','Unitary parliamentary republic','Europe','Parliament',38268000,312696,1.48,1412000000000,655000000000,28.5,0.88,3125179,39469339),('Republic of Rwanda','+250','r','Unitary dominant-party presidential constitutional republic','Africa','Parliament',12374397,26338,5.3,33455000000,11061000000,43.7,0.543,100000,6000758),('Republic of San Marino','+378 (+39 0549 calling via Italy)','r','Unitary assembly-independent diarchic directorial republic','Europe','Grand and General Council',33600,61.2,0,2090000000,1550000000,NULL,0.875,5610,47302),('Republic of Senegal','+221','r','Unitary presidential republic','Africa','National Assembly',15854323,196712,2.1,66438000000,28020000000,40.3,0.512,73942,1961144),('Republic of Serbia','+381','r','Unitary parliamentaryconstitutional republic','Europe','National Assembly',6871547,88361,NULL,130600000000,52000000000,33.3,0.806,1192476,7290148),('Republic of Seychelles','+248','l','Unitary presidential republic','Africa','National Assembly',98462,459,0,2919000000,1564000000,46.8,0.796,22457,170530),('Republic of Sierra Leone','+232','r','Unitary presidential constitutional republic','Africa','Parliament',8059155,71740,1.1,12177000000,3824000000,35.7,0.452,6398,617851),('Republic of Singapore','+65','l','Unitary dominant-party parliamentary constitutional republic','Asia','Parliament',5453600,728.6,NULL,600063000000,374394000000,45.9,0.938,224200,10094499),('Republic of Slovenia','+386','r','Unitary parliamentaryconstitutional republic','Europe','Parliament',2107126,20271,0.7,909000000000,609000000000,23.5,0.917,360614,2319847),('Republic of South Africa','+27','l','Unitary dominant-party parliamentary republic with an executive presidency','Africa','Parliament',60142978,1221040,0.38,862000000000,415000000000,63,0.709,2924317,23264992),('Republic of South Sudan','+211','r','Federal presidential constitutional republic','Africa','Transitional National Legislature',12778250,644329,NULL,18435000000,3194000000,44.1,0.433,12517,144576),('Republic of Suriname','+597','l','Unitary assembly-independent republic','South_America','National Assembly',575990,163821,1.1,9044000000,4110000000,NULL,0.738,49812,458690),('Republic of Tajikistan','+992','r','Unitary dominant-party presidential constitutional republic','Asia','Supreme Assembly',9537645,143100,1.8,30547000000,7350000000,34,0.668,17486,4819257),('Republic of the Congo','+242','r','Unitary dominant-party semi-presidential republic','Africa','Parliament',5244359,342000,3.3,32516000000,11162000000,40.2,0.574,13533,509251),('Republic of The Gambia','+220','r','Unitary presidential republic','Africa','National Assembly',2173999,10689,11.5,5420000000,1810000000,35.9,0.496,9979,267011),('Republic of the Marshall Islands','+692','r','Unitary parliamentary republic with an executive presidency','Oceania','Nitijela',58413,181.43,0,215000000,220000000,NULL,0.704,NULL,NULL),('Republic of the Niger','+227','r','Unitary semi-presidential republic','Africa','National Assembly',24112753,1267000,0.02,23475000000,9869000000,34,0.394,6569,896106),('Republic of the Philippines','+63','r','Unitary presidential constitutional republic','Asia','Congress',109035343,300000,0.61,1000000000000,402638000000,42.3,0.718,2806694,52303905),('Republic of the Sudan','+249','r','Provisional government under a military dictatorship','Africa','Transitional Legislative Council',44909353,1886070,NULL,177678000000,33903000000,34.2,0.51,41019,1659666),('Republic of the Union of Myanmar','+95','r','Unitary parliamentary assembly-independent republic under a military junta','Asia','Assembly of the Union',53582855,676578,3.06,258000000000,78000000000,30.7,0.583,508591,20299011),('Republic of Trinidad and Tobago','+1 (868)','l','Unitary parliamentary constitutional republic','North_America','Parliament',1366725,5131,0,45148000000,22438000000,39,0.796,59963,1243643),('Republic of Tunisia','+216','r','Unitary semi-presidential constitutional republic','Africa','Assembly of the Representatives of the People',11708370,163610,5.04,159707000000,44192000000,35.8,0.74,713352,9610235),('Republic of Turkey','+90','r','Unitary presidential constitutional republic','Asia','Grand National Assembly',83614362,783356,2.03,2749000000000,794530000000,47,0.82,8290135,117562317),('Republic of Uganda','+256a','l','Unitary dominant-party presidential republic','Africa','Parliament',42729036,241038,15.39,102659000000,30765000000,42,0.544,126644,3604659),('Republic of Uzbekistan','+998','r','Unitary secular presidential constitutional republic','Asia','Oliy Majlis',35011180,448978,4.9,275806000000,60490000000,36.7,0.72,188398,27845532),('Republic of Vanuatu','+678','r','Unitary parliamentary republic','Oceania','Parliament',307815,12189,NULL,820000000,957000000,37.6,0.609,NULL,NULL),('Republic of Yemen','+967','r','\nUnitary presidential constitutional republic (de jure)\nUnitary provisional government (de facto)\n','Asia','Parliament (de jure) ',30491000,555000,0,73348000000,28524000000,36.7,0.47,9891,547019),('Republic of Zambia','+260','l','Unitary presidential constitutional republic','Africa','National Assembly',17351708,752618,1,75857000000,23946000000,57.1,0.584,209918,874531),('Republic of Zimbabwe','+263','l','Unitary dominant-party presidential constitutional republic','Africa','Parliament',15092171,390757,1,41031000000,22290000000,50.3,0.571,133242,6034324),('Romania','+40','r','Unitary semi-presidential republic','Europe','Parliament',19186201,238397,3,653903000000,289130000000,33.8,0.828,1718726,11850881),('Russian Federation','+7','r','Federal semi-presidential constitutional republic','Asia','Federal Assembly',146171015,17098200,13,4328000000000,1710000000000,37.5,0.824,8727817,109012524),('Saint Lucia','+1 758','l','Unitary parliamentary constitutional monarchy','North_America','Parliament',184401,617,1.6,2480000000,1770000000,51.2,0.759,12748,94486),('Saint Vincent and the Grenadines','+1 784','l','Unitary parliamentary constitutional monarchy','North_America','House of Assembly',110211,389,0,1373000000,864000000,NULL,0.738,5123,45147),('Slovak Republic','+421','r','Unitary parliamentary constitutional republic','Europe','National Council',5464060,49035,0.72,190277000000,117664000000,22.8,0.86,526608,4836940),('Socialist Republic of Vietnam','+84','r','Unitary Marxist–Leninist one-party socialist republic','Asia','National Assembly',96208984,331699,6.38,1047320000000,340602000000,35.7,0.704,984805,89620701),('Solomon Islands','+677','l','Unitary parliamentary constitutional monarchy','Oceania','National Parliament',652857,28400,3.2,1479000000,1511000000,37.1,0.567,NULL,NULL),('State of Eritrea','+291','r','Unitary one-party presidential republic under a totalitarian dictatorship','Africa','National Assembly',4,117600,0.14,11010000000,8090000000,NULL,0.459,6979,NULL),('State of Israel','+972','r','Unitary parliamentary constitutional republic','Asia','Knesset',9427100,20770,2.71,372314000000,410501000000,34.8,0.919,1335184,15992941),('State of Kuwait','+965','r','Unitary constitutional monarchy','Asia','National Assembly',4420110,17818,0,303000000000,118271000000,NULL,0.806,412893,2668082),('State of Libya','+218','r','Unitary provisional unity government','Africa','House of Representatives',6992701,1759540,NULL,31531000000,21805000000,NULL,0.724,362318,2070595),('State of Qatar','+974','r','Unitary absolute monarchy','Asia','Consultative Assembly',2795484,11581,0.8,357338000000,183807000000,41.1,0.848,240385,4859929),('Sultanate of Oman','+968','r','Unitary Islamic absolute monarchy','Asia','Council of Oman',4829473,309500,0,203959000000,62305000000,30.75,0.813,304389,5679984),('Swiss Confederation','+41','r','Federal semi-direct democracy under an assembly-independent directorial republic','Europe','Federal Assembly',8570146,41285,4.34,584000000000,749000000000,29.7,0.955,897078,11155900),('Syrian Arab Republic','+963','r','Unitary dominant-party semi-presidential Ba’athist republic under a hereditary military dictatorship','Asia','People\'s Council',17500657,185180,1.1,50280000000,24600000000,55.8,0.567,45468,1125146),('Togolese Republic','+228','r','Unitary dominant-party presidential republic','Africa','National Assembly',8608444,56785,4.2,14919000000,5592000000,43.1,0.515,26125,1412904),('Turkmenistan','+993','r','Unitary secular de facto dominant-party presidential constitutional republic under a totalitarian dictatorship','Asia','National Council',6031187,491210,4.9,112659000000,42764000000,40.8,0.715,NULL,NULL),('Tuvalu','+688','l','Unitary non-partisan parliamentary constitutional monarchy','Oceania','Parliament',11646,26,0,39000000,45000000,39.1,NULL,NULL,NULL),('Ukraine','+380','r','Unitary semi-presidential constitutional republic','Europe','Verkhovna Rada',41342465,603628,7,584000000000,184000000000,26.6,0.779,3253327,19584775),('Union of the Comoros','+269','r','Federal presidential republic','Africa','Assembly of the Union',850886,1861,0,2446000000,1179000000,45,0.554,4332,452612),('United Arab Emirates','+971','r','Federal elective constitutional monarchy','Asia','Federal National Council',9890400,83600,0,647650000000,410214000000,32.5,0.89,740572,21348200),('United Kingdom of Great Britain and Northern Ireland','+44','l','Unitary parliamentaryconstitutional monarchy','Europe','Parliament',67081000,242495,1.51,3276000000000,3108000000000,36.6,0.932,9366676,106417956),('United Mexican States','+52','r','Federal presidentialconstitutional republic','North_America','Congress',126014024,1972550,1.58,2715000000000,1322000000000,41.8,0.779,3831259,128356362),('United Republic of Tanzania','+255','l','Unitary dominant party presidential democratic-socialist republic','Africa','National Assembly',61193226,947303,6.4,200144000000,65632000000,40.5,0.529,1367,885579),('United States of America','+1','r','Federal presidential constitutional republic','North_America','Congress',331449281,3796740,4.66,22940000000000,22940000000000,48.5,0.926,46659443,432111860);
/*!40000 ALTER TABLE `Country` ENABLE KEYS */;

--
-- Table structure for table `President`
--

DROP TABLE IF EXISTS `President`;
/*!40101 SET @saved_cs_client     = @@character_set_client */;
/*!50503 SET character_set_client = utf8mb4 */;
CREATE TABLE `President` (
  `country_name` varchar(255) NOT NULL,
  `name` varchar(255) NOT NULL,
  `birthdate` date DEFAULT NULL,
  `political_party` varchar(255) DEFAULT NULL,
  `assumed_office` varchar(255) DEFAULT NULL,
  PRIMARY KEY (`country_name`,`name`),
  CONSTRAINT `President_ibfk_1` FOREIGN KEY (`country_name`) REFERENCES `Country` (`name`) ON DELETE CASCADE ON UPDATE CASCADE
) ENGINE=InnoDB DEFAULT CHARSET=utf8mb4 COLLATE=utf8mb4_0900_ai_ci;
/*!40101 SET character_set_client = @saved_cs_client */;

--
-- Dumping data for table `President`
--

/*!40000 ALTER TABLE `President` DISABLE KEYS */;
INSERT INTO `President` VALUES ('Antigua and Barbuda','Elizabeth II','1926-04-21',NULL,'6 February 1952'),('Arab Republic of Egypt','Abdel Fattah el-Sisi','1954-11-19','Independent','8 June 2014'),('Argentine Republic','Alberto Fernández','1959-04-02','Justicialist Party','10 December 2019'),('Barbados','Sandra Mason','1949-01-17','Independent','8 January 2018'),('Belize','Elizabeth II','1926-04-21',NULL,'6 February 1952'),('Bolivarian Republic of Venezuela','Nicolás Maduro','1962-11-23','United Socialist Party of Venezuela','5 March 2013'),('Bosnia and Herzegovina','Željko Komšić','1964-01-20','Democratic Front','20 July 2021'),('Burkina Faso','Roch Marc Christian Kaboré','1957-04-25','Organization for Popular Democracy – Labour Movement','29 December 2015'),('Canada','Elizabeth II','1926-04-21',NULL,'6 February 1952'),('Central African Republic','Faustin-Archange Touadéra','1957-04-21','United Hearts Movement','30 March 2016'),('Co-operative Republic of Guyana','Irfaan Ali','1980-04-25','People\'s Progressive Party/Civic','2 August 2020'),('Commonwealth of Australia','Elizabeth II','1926-04-21',NULL,'6 February 1952'),('Commonwealth of Dominica','Charles Savarin','1943-10-02','Labour Party','2 October 2013'),('Commonwealth of The Bahamas','Elizabeth II','1926-04-21',NULL,'6 February 1952'),('Czech Republic','Miloš Zeman','1944-09-28','Communist Party','8 March 2013'),('Democratic People\'sRepublic of Korea','Choe Ryong-hae','1950-01-15','Workers\' Party of Korea','11 April 2019'),('Democratic Republic of the Congo','Félix Tshisekedi','1963-06-13','Union for Democracy and Social Progress','24 January 2019'),('Democratic Republic ofSão Tomé and Príncipe','Carlos Vila Nova',NULL,'ADI','2 October 2021'),('Democratic Republic ofTimor-Leste','Francisco Guterres','1954-09-07','Fretilin','20 May 2017'),('Democratic Socialist Republic of Sri Lanka','Gotabaya Rajapaksa','1949-06-20',NULL,'18 November 2019'),('Denmark','Margrethe II of Denmark','1940-04-16',NULL,'14 January 1972'),('Dominican Republic','Luis Abinader','1967-07-12','Modern Revolutionary Party','16 August 2020'),('Federal Democratic Republic of Ethiopia','Sahle-Work Zewde','1950-02-21','Independent','25 October 2018'),('Federal Democratic Republic of Nepal','Bidya Devi Bhandari','1961-06-19','Independent','29 October 2015'),('Federal Republic of Germany','Frank-Walter Steinmeier','1956-01-05','Social Democratic Party','19 March 2017'),('Federal Republic of Nigeria','Muhammadu Buhari','1942-12-17','All Progressives Congress','30 May 2015'),('Federal Republic of Somalia','Mohamed Abdullahi Mohamed','1962-03-11','citation needed','16 February 2017'),('Federated States of Micronesia','David W. Panuelo','1964-04-13',NULL,'May 11 2019'),('Federation of Saint Christopher and Nevis','Elizabeth II','1926-04-21',NULL,'6 February 1952'),('Federative Republic of Brazil','Jair Bolsonaro','1955-03-21','Independent','1 January 2019'),('French Republic','Emmanuel Macron','1977-12-21','La République En Marche!','14 May 2017'),('Gabonese Republic','Ali Bongo Ondimba','1959-02-09','PDG','16 October 2009'),('Georgia','Salome Zurabishvili','1952-03-18','Way of Georgia','16 December 2018'),('Grand Duchy of Luxembourg','Henri, Grand Duke of Luxembourg','1955-04-16',NULL,'7 October 2000'),('Grenada','Elizabeth II','1926-04-21',NULL,'6 February 1952'),('Hashemite Kingdom of Jordan','Abdullah II of Jordan','1962-01-30',NULL,'7 February 1999'),('Hellenic Republic','Katerina Sakellaropoulou','1956-05-30','Independent','13 March 2020'),('Hungary','János Áder','1959-05-09','Fidesz','10 May 2012'),('Iceland','Guðni Th. Jóhannesson','1968-06-26','Independent','1 August 2016'),('Independent State of Papua New Guinea','Elizabeth II','1926-04-21',NULL,'6 February 1952'),('Independent State of Samoa','Naomi Mataʻafa','1957-04-29','Faʻatuatua i le Atua Samoa ua Tasi','24 May 2021'),('Ireland','Michael D. Higgins','1941-04-18','Independent','11 November 2011'),('Islamic Emirate of Afghanistan','Hasan Akhund',NULL,'Taliban','7 September 2021'),('Islamic Republic of Iran','Ebrahim Raisi','1960-12-14','Combatant Clergy Association','3 August 2021'),('Islamic Republic of Mauritania','Mohamed Ould Ghazouani','1956-12-04','Union for the Republic','1 August 2019'),('Islamic Republic of Pakistan','Arif Alvi','1949-08-29','Pakistan Tehreek-e-Insaf','9 September 2018'),('Italian Republic','Sergio Mattarella','1941-07-23','Independent','3 February 2015'),('Jamaica','Tom Tavares-Finson','1953-07-07','Jamaica Labour Party','10 March 2016'),('Japan','Fumio Kishida','1957-07-29','Liberal Democratic','4 October  2021'),('Kingdom of Bahrain','Hamad bin Isa Al Khalifa','1950-01-28',NULL,'14 February 2002'),('Kingdom of Belgium','Philippe of Belgium','1960-04-15',NULL,'21 July 2013'),('Kingdom of Bhutan','Lotay Tshering','1969-05-10','Druk Nyamrup Tshogpa','7 November 2018'),('Kingdom of Cambodia','Say Chhum','1945-02-05','Cambodian People\'s Party','9 June 2015'),('Kingdom of Eswatini','Cleopas Dlamini',NULL,'Independent','19 July 2021'),('Kingdom of Lesotho','Letsie III of Lesotho','1963-07-17',NULL,'7 February 1996'),('Kingdom of Morocco','Mohammed VI of Morocco','1963-08-21',NULL,'23 July 1999'),('Kingdom of Norway','Harald V of Norway','1937-02-21',NULL,'17 January 1991'),('Kingdom of Saudi Arabia','Salman bin Abdulaziz','1935-12-31',NULL,'23 January 2015'),('Kingdom of Spain','Felipe VI','1968-01-30',NULL,'19 June 2014'),('Kingdom of Sweden','Carl XVI Gustaf of Sweden','1946-04-30',NULL,'15 September 1973'),('Kingdom of Thailand','Vajiralongkorn','1952-07-28',NULL,'13 October 2016'),('Kingdom of Tonga','Tupou VI','1959-07-12',NULL,'18 March 2012'),('Kyrgyz Republic','Sadyr Japarov','1968-12-06','Mekenchil','28 January 2021'),('Lao People\'s Democratic Republic','Thongloun Sisoulith','1945-11-10','Lao People\'s Revolutionary Party','15 January 2021'),('Lebanese Republic','Michel Aoun','1933-09-30','Free Patriotic Movement','31 October 2016'),('Malaysia','Abdullah of Pahang','1959-07-30',NULL,'31 January 2019'),('Mongolia','Ukhnaagiin Khürelsükh','1968-06-14','Mongolian People\'s Party','25 June 2021'),('Montenegro','Milo Đukanović','1962-02-15','SKJ','20 May 2018'),('Nation of Brunei, the Abode of Peace','Hassanal Bolkiah','1946-07-15',NULL,'5 October 1967'),('Netherlands','Willem-Alexander of the Netherlands','1967-04-27',NULL,'30 April 2013'),('New Zealand','Elizabeth II','1926-04-21',NULL,'6 February 1952'),('Oriental Republic of Uruguay','Luis Lacalle Pou','1973-08-11','National Party','1 March 2020'),('People\'s Democratic Republic of Algeria','Abdelmadjid Tebboune','1945-11-17','National Liberation Front','19 December 2019'),('People\'s Republic of Bangladesh','Abdul Hamid (politician)','1944-01-01','Awami League','14 March 2013'),('People\'s Republic of China','Xi Jinping','1953-06-15','Chinese Communist Party','15 November 2012'),('Plurinational State of Bolivia','Luis Arce','1963-09-28','Movement for Socialism','8 November 2020'),('Portuguese Republic','Marcelo Rebelo de Sousa','1948-12-12','Independent','9 March 2016'),('Principality of Andorra','Xavier Espot Zamora','1979-10-30','Democrats for Andorra','16 May 2019'),('Principality of Liechtenstein','Hans-Adam II','1945-02-14',NULL,'13 November 1989'),('Principality of Monaco','Albert II, Prince of Monaco','1958-03-14',NULL,'6 April 2005'),('Republic of Albania','Ilir Meta','1969-03-24','Independent','24 July 2017'),('Republic of Angola','João Lourenço','1954-03-05','People\'s Movement for the Liberation of Angola','26 September 2017'),('Republic of Armenia','Armen Sarkissian','1952-06-23','Independent','9 April 2018'),('Republic of Austria','Alexander Van der Bellen','1944-01-18','Independent','26 January 2017'),('Republic of Azerbaijan','Ilham Aliyev','1961-12-24','New Azerbaijan Party','31 October 2003'),('Republic of Belarus','Alexander Lukashenko','1954-08-31','Independent','20 July 1994'),('Republic of Benin','Patrice Talon','1958-05-01','Independent','6 April 2016'),('Republic of Botswana','Mokgweetsi Masisi','1962-07-21','Botswana Democratic Party','1 April 2018'),('Republic of Bulgaria','Rumen Radev','1963-06-18','Independent','22 January 2017'),('Republic of Burundi','Évariste Ndayishimiye',NULL,'CNDD–FDD','18 June 2020'),('Republic of Cabo Verde','José Maria Neves','1960-03-28','African Party for the Independence of Cape Verde','9 November 2021'),('Republic of Cameroon','Paul Biya','1933-02-13','RDPC','6 November 1982'),('Republic of Chad','Mahamat Déby','1984-01-01',NULL,'20 April 2021'),('Republic of Chile','Sebastián Piñera','1949-12-01','National Renewal','11 March 2018'),('Republic of Colombia','Iván Duque Márquez','1976-08-01','Democratic Center','7 August 2018'),('Republic of Costa Rica','Carlos Alvarado Quesada','1980-01-14','Citizens\' Action Party','8 May 2018'),('Republic of Côte d\'Ivoire','Alassane Ouattara','1942-01-01','Democratic Party','4 December 2010'),('Republic of Croatia','Zoran Milanović','1966-10-30','Independent','19 February 2020'),('Republic of Cuba','Miguel Díaz-Canel','1960-04-20','Communist','19 April 2021'),('Republic of Cyprus','Nicos Anastasiades','1946-09-27','Centre Union','28 February 2013'),('Republic of Djibouti','Ismaïl Omar Guelleh','1947-11-27','People\'s Rally for Progress','8 May 1999'),('Republic of Ecuador','Guillermo Lasso','1955-11-16','Creating Opportunities','24 May 2021'),('Republic of El Salvador','Nayib Bukele','1981-07-24','Nuevas Ideas','1 June 2019'),('Republic of Equatorial Guinea','Teodoro Obiang Nguema Mbasogo','1942-06-05','Democratic Party','3 August 1979'),('Republic of Estonia','Alar Karis','1958-03-26','Independent','11 October 2021'),('Republic of Fiji','Jioji Konrote','1947-12-26','FijiFirst','12 November 2015'),('Republic of Finland','Sauli Niinistö','1948-08-24','Independent','1 March 2012'),('Republic of Ghana','Nana Akufo-Addo','1944-03-29','New Patriotic Party','7 January 2017'),('Republic of Guatemala','Alejandro Giammattei','1956-03-09','Vamos','14 January 2020'),('Republic of Guinea','Mamady Doumbouya',NULL,NULL,'1 October 2021'),('Republic of Guinea-Bissau','Umaro Sissoco Embaló','1972-09-23','Madem G15','27 February 2020'),('Republic of Haiti','Ariel Henry','1949-11-06','Inite','20 July 2021'),('Republic of Honduras','Juan Orlando Hernández','1968-10-28','National Party','27 January 2014'),('Republic of India','Ram Nath Kovind','1945-10-01','Bharatiya Janata Party','25 July 2017'),('Republic of Indonesia','Joko Widodo','1961-06-21','PDI-P','20 October 2014'),('Republic of Iraq','Barham Salih','1960-09-12','Patriotic Union of Kurdistan','2 October 2018'),('Republic of Kazakhstan','Kassym-Jomart Tokayev','1953-05-17','Nur Otan','20 March 2019'),('Republic of Kenya','Uhuru Kenyatta','1961-10-26','Kenya African National Union','9 April 2013'),('Republic of Kiribati','Taneti Maamau','1960-09-16','Tobwaan Kiribati Party','11 March 2016'),('Republic of Korea','Moon Jae-in','1953-01-24','Democratic','May 10 2017'),('Republic of Latvia','Egils Levits','1955-06-30','Latvian Way','8 July 2019'),('Republic of Liberia','George Weah','1966-10-01','Congress for Democratic Change','22 January 2018'),('Republic of Lithuania','Gitanas Nausėda','1964-05-19','Independent','12 July 2019'),('Republic of Madagascar','Andry Rajoelina','1974-05-30','Young Malagasies Determined','19 January 2019'),('Republic of Malawi','Lazarus McCarthy Chakwera','1955-04-05','Malawi Congress Party','28 June 2020'),('Republic of Maldives','Ibrahim Mohamed Solih','1962-03-01','Maldivian Democratic Party','17 November 2018'),('Republic of Mali','Assimi Goïta',NULL,NULL,'24 May 2021'),('Republic of Malta','George Vella','1942-04-24','Labour','4 April 2019'),('Republic of Mauritius','Prithvirajsing Roopun','1959-05-24','Militant Socialist Movement','2 December 2019'),('Republic of Moldova','Maia Sandu','1972-05-24','Independent','24 December 2020'),('Republic of Mozambique','Filipe Nyusi','1959-02-12','FRELIMO','15 January 2015'),('Republic of Namibia','Hage Geingob','1941-08-03','SWAPO','21 March 2015'),('Republic of Nauru','Lionel Aingimea',NULL,'Independent','27 August 2019'),('Republic of Nicaragua','Daniel Ortega','1945-11-11','FSLN','10 January 2007'),('Republic of North Macedonia','Stevo Pendarovski','1963-04-03',NULL,'12 May 2019'),('Republic of Palau','Surangel Whipps Jr.','1968-08-09','Independent','21 January 2021'),('Republic of Panama','Laurentino Cortizo','1953-01-30','Democratic Revolutionary Party','1 July 2019'),('Republic of Paraguay','Mario Abdo Benítez','1971-11-10','Colorado Party','15 August 2018'),('Republic of Peru','Pedro Castillo','1969-10-19','Free Peru','28 July 2021'),('Republic of Poland','Andrzej Duda','1972-05-16','Independent','6 August 2015'),('Republic of Rwanda','Paul Kagame','1957-10-23','Rwandan Patriotic Front','22 April 2000'),('Republic of San Marino','Francesco Mussoni','1971-05-15','Sammarinese Christian Democratic Party','1 October 2021'),('Republic of Senegal','Macky Sall','1961-12-11','Senegalese Democratic Party','2 April 2012'),('Republic of Serbia','Aleksandar Vučić','1970-03-05','SRS','31 May 2017'),('Republic of Seychelles','Wavel Ramkalawan','1959-03-15','Linyon Demokratik Seselwa','26 October 2020'),('Republic of Sierra Leone','Julius Maada Bio','1964-05-12','Sierra Leone People\'s Party','4 April 2018'),('Republic of Singapore','Halimah Yacob','1954-08-23','Independent','14 September 2017'),('Republic of Slovenia','Borut Pahor','1963-11-02','SKJ','22 December 2012'),('Republic of South Africa','Cyril Ramaphosa','1952-11-17','African National Congress','15 February 2018'),('Republic of South Sudan','Salva Kiir Mayardit','1951-09-13','Sudan People\'s Liberation Movement','9 July 2011'),('Republic of Suriname','Chan Santokhi','1959-02-03','Progressive Reform Party','16 July 2020'),('Republic of Tajikistan','Emomali Rahmon','1952-10-05','People\'s Democratic Party','16 November 1994'),('Republic of the Congo','Denis Sassou Nguesso','1943-11-23','Congolese Party of Labour','25 October 1997'),('Republic of The Gambia','Adama Barrow','1965-02-15','National People\'s Party','19 January 2017'),('Republic of the Marshall Islands','David Kabua',NULL,'Independent','13 January 2020'),('Republic of the Niger','Mohamed Bazoum','1960-01-01','Nigerien Party for Democracy and Socialism','2 April 2021'),('Republic of the Philippines','Rodrigo Duterte','1945-03-28','PDP–Laban','June 30 2016'),('Republic of the Sudan','Abdel Fattah al-Burhan',NULL,NULL,'25 October 2021'),('Republic of the Union of Myanmar','Myint Swe','1951-05-24','Union Solidarity and Development Party','1 February 2021'),('Republic of Trinidad and Tobago','Paula-Mae Weekes','1958-12-23','Independent','19 March 2018'),('Republic of Tunisia','Kais Saied','1958-02-22','Independent','23 October 2019'),('Republic of Turkey','Recep Tayyip Erdoğan','1954-02-26','Justice and Development Party','28 August 2014'),('Republic of Uganda','Yoweri Museveni','1944-09-15','National Resistance Movement','29 January 1986'),('Republic of Uzbekistan','Shavkat Mirziyoyev','1957-07-24','Liberal Democratic Party','14 December 2016'),('Republic of Vanuatu','Tallis Obed Moses','1954-10-24','Independent','6 July 2017'),('Republic of Yemen','Abdrabbuh Mansur Hadi','1945-09-01','General People\'s Congress','27 February 2012'),('Republic of Zambia','Hakainde Hichilema','1962-06-04','United Party for National Development','24 August 2021'),('Republic of Zimbabwe','Emmerson Mnangagwa','1942-09-15','United National Independence Party','24 November 2017'),('Romania','Klaus Iohannis','1959-06-13','Independent politician','21 December 2014'),('Russian Federation','Vladimir Putin','1952-10-07','Independent','7 May 2012'),('Saint Lucia','Elizabeth II','1926-04-21',NULL,'6 February 1952'),('Saint Vincent and the Grenadines','Elizabeth II','1926-04-21',NULL,'6 February 1952'),('Slovak Republic','Zuzana Čaputová','1973-06-21','Progressive Slovakia','15 June 2019'),('Socialist Republic of Vietnam','Nguyễn Xuân Phúc','1954-07-20','Communist Party of Vietnam','5 April 2021'),('Solomon Islands','Elizabeth II','1926-04-21',NULL,'6 February 1952'),('State of Eritrea','Isaias Afwerki','1946-02-02','People\'s Front for Democracy and Justice','24 May 1993'),('State of Israel','Isaac Herzog','1960-09-22','Labor Party','7 July 2021'),('State of Kuwait','Sabah Al-Khalid Al-Sabah','1953-03-03','Independent','19 November 2019'),('State of Libya','Mohamed al-Menfi','1976-03-03',NULL,'15 March 2021'),('State of Qatar','Khalid bin Khalifa bin Abdul Aziz Al Thani',NULL,NULL,'28 January 2020'),('Sultanate of Oman','Haitham bin Tariq','1955-10-11',NULL,'11 January 2020'),('Swiss Confederation','Guy Parmelin','1959-11-09','Swiss People\'s Party','1 January 2021'),('Syrian Arab Republic','Bashar al-Assad','1965-09-11','Syrian Ba\'ath Party','17 July 2000'),('Togolese Republic','Faure Gnassingbé','1966-06-06','UNIR','4 May 2005'),('Turkmenistan','Gurbanguly Berdimuhamedow','1957-06-29','Independent','14 February 2007'),('Tuvalu','Elizabeth II','1926-04-21',NULL,'6 February 1952'),('Ukraine','Volodymyr Zelensky','1978-01-25','Independent','20 May 2019'),('Union of the Comoros','Azali Assoumani','1959-01-01','Convention for the Renewal of the Comoros','26 May 2019'),('United Arab Emirates','Khalifa bin Zayed Al Nahyan','1948-09-07',NULL,'3 November 2004'),('United Kingdom of Great Britain and Northern Ireland','Elizabeth II','1926-04-21',NULL,'6 February 1952'),('United Mexican States','Andrés Manuel López Obrador','1953-11-13','National Regeneration Movement','1 December 2018'),('United Republic of Tanzania','Samia Suluhu','1960-01-27','Chama Cha Mapinduzi','19 March 2021'),('United States of America','Joe Biden','1942-11-20','Democratic','January 20 2021');
/*!40000 ALTER TABLE `President` ENABLE KEYS */;

--
-- Table structure for table `User`
--

DROP TABLE IF EXISTS `User`;
/*!40101 SET @saved_cs_client     = @@character_set_client */;
/*!50503 SET character_set_client = utf8mb4 */;
CREATE TABLE `User` (
  `username` varchar(255) NOT NULL,
  `email` varchar(255) NOT NULL,
  `gender` char(1) DEFAULT NULL,
  `birthdate` date DEFAULT NULL,
  PRIMARY KEY (`username`)
) ENGINE=InnoDB DEFAULT CHARSET=utf8mb4 COLLATE=utf8mb4_0900_ai_ci;
/*!40101 SET character_set_client = @saved_cs_client */;

--
-- Dumping data for table `User`
--

/*!40000 ALTER TABLE `User` DISABLE KEYS */;
INSERT INTO `User` VALUES ('jessicajohnson','aaronhopkins@hotmail.com','F','1922-08-16'),('leeashley','tamaramorrison@hotmail.com','M','1945-01-03'),('lyonspeter','deborah64@gmail.com','M','1982-02-26'),('monica23','danny30@yahoo.com','M','1930-04-20'),('perezbilly','epetersen@yahoo.com','F','1988-07-12');
/*!40000 ALTER TABLE `User` ENABLE KEYS */;

--
-- Temporary view structure for view `User_age`
--

DROP TABLE IF EXISTS `User_age`;
/*!50001 DROP VIEW IF EXISTS `User_age`*/;
SET @saved_cs_client     = @@character_set_client;
/*!50503 SET character_set_client = utf8mb4 */;
/*!50001 CREATE VIEW `User_age` AS SELECT 
 1 AS `user_age`*/;
SET character_set_client = @saved_cs_client;

--
-- Table structure for table `User_review`
--

DROP TABLE IF EXISTS `User_review`;
/*!40101 SET @saved_cs_client     = @@character_set_client */;
/*!50503 SET character_set_client = utf8mb4 */;
CREATE TABLE `User_review` (
  `id` int NOT NULL AUTO_INCREMENT,
  `travel_date` date NOT NULL,
  `rating` enum('1','2','3','4','5','6','7','8','9','10') NOT NULL,
  `txt_review` varchar(1024) DEFAULT NULL,
  `username` varchar(255) DEFAULT NULL,
  `country_name` varchar(255) DEFAULT NULL,
  PRIMARY KEY (`id`)
) ENGINE=InnoDB AUTO_INCREMENT=16 DEFAULT CHARSET=utf8mb4 COLLATE=utf8mb4_0900_ai_ci;
/*!40101 SET character_set_client = @saved_cs_client */;

--
-- Dumping data for table `User_review`
--

/*!40000 ALTER TABLE `User_review` DISABLE KEYS */;
INSERT INTO `User_review` VALUES (10,'2021-11-16','5','Very Bad','leeashley','Egypt'),(15,'2021-11-01','7','Nice ','lyonspeter','France');
/*!40000 ALTER TABLE `User_review` ENABLE KEYS */;

--
-- Table structure for table `currency`
--

DROP TABLE IF EXISTS `currency`;
/*!40101 SET @saved_cs_client     = @@character_set_client */;
/*!50503 SET character_set_client = utf8mb4 */;
CREATE TABLE `currency` (
  `country_name` varchar(255) NOT NULL,
  `currency` varchar(255) NOT NULL,
  PRIMARY KEY (`country_name`,`currency`),
  CONSTRAINT `currency_ibfk_1` FOREIGN KEY (`country_name`) REFERENCES `Country` (`name`) ON DELETE CASCADE ON UPDATE CASCADE
) ENGINE=InnoDB DEFAULT CHARSET=utf8mb4 COLLATE=utf8mb4_0900_ai_ci;
/*!40101 SET character_set_client = @saved_cs_client */;

--
-- Dumping data for table `currency`
--

/*!40000 ALTER TABLE `currency` DISABLE KEYS */;
INSERT INTO `currency` VALUES ('Antigua and Barbuda','East Caribbean dollar'),('Arab Republic of Egypt','Egyptian pound'),('Argentine Republic','Argentine peso'),('Barbados','Barbadian dollar'),('Belize','Belize dollar'),('Bolivarian Republic of Venezuela','Bolívar digital'),('Bosnia and Herzegovina','Convertible mark'),('Burkina Faso','West African CFA franc'),('Canada','Canadian dollar'),('Central African Republic','Central African CFA franc'),('Co-operative Republic of Guyana','Guyanese dollar'),('Commonwealth of Australia','Australian dollar'),('Commonwealth of Dominica','East Caribbean dollar'),('Commonwealth of The Bahamas','Bahamian dollar'),('Czech Republic','Czech koruna'),('Democratic People\'sRepublic of Korea','Korean People\'s won'),('Democratic Republic of the Congo','Congolese franc'),('Democratic Republic ofSão Tomé and Príncipe','Dobra'),('Democratic Republic ofTimor-Leste','United States dollar'),('Democratic Socialist Republic of Sri Lanka','Sri Lankan rupee'),('Denmark','Danish krone'),('Dominican Republic','Dominican peso'),('Federal Democratic Republic of Ethiopia','Birr'),('Federal Democratic Republic of Nepal','Nepalese rupee'),('Federal Republic of Germany','Euro'),('Federal Republic of Nigeria','Naira'),('Federal Republic of Somalia','Somali shilling'),('Federated States of Micronesia','United States dollar'),('Federation of Saint Christopher and Nevis','East Caribbean dollar'),('Federative Republic of Brazil','Real'),('French Republic','CFP franc'),('French Republic','Euro'),('Gabonese Republic','Central African CFA franc'),('Georgia','Georgian lari'),('Grand Duchy of Luxembourg','Euro'),('Grenada','East Caribbean dollar'),('Hashemite Kingdom of Jordan','Jordanian dinar'),('Hellenic Republic','Euro'),('Hungary','Forint'),('Iceland','Icelandic króna'),('Independent State of Papua New Guinea','Kina'),('Independent State of Samoa','Tālā'),('Ireland','Euro'),('Islamic Emirate of Afghanistan','Afghani'),('Islamic Republic of Iran','Iranian rial'),('Islamic Republic of Mauritania','Ouguiya'),('Islamic Republic of Pakistan','Pakistani rupee'),('Italian Republic','Euro'),('Jamaica','Jamaican dollar'),('Japan','Japanese yen'),('Kingdom of Bahrain','Bahraini dinar'),('Kingdom of Belgium','Euro'),('Kingdom of Bhutan','Ngultrum'),('Kingdom of Cambodia','Riel'),('Kingdom of Eswatini','Lilangeni'),('Kingdom of Eswatini','South African rand'),('Kingdom of Lesotho','Loti'),('Kingdom of Morocco','Moroccan dirham'),('Kingdom of Norway','Norwegian krone'),('Kingdom of Saudi Arabia','Saudi Riyal'),('Kingdom of Spain','Euro'),('Kingdom of Sweden','Swedish krona'),('Kingdom of Thailand','Baht'),('Kingdom of Tonga','Paʻanga'),('Kyrgyz Republic','Kyrgyzstani som'),('Lao People\'s Democratic Republic','Kip'),('Lebanese Republic','Lebanese pound'),('Malaysia','Ringgit'),('Mongolia','Tögrög'),('Montenegro','Euro'),('Nation of Brunei, the Abode of Peace','Brunei dollar'),('Netherlands','Euro'),('Netherlands','US dollar'),('New Zealand','New Zealand dollar'),('Oriental Republic of Uruguay','Uruguayan peso'),('People\'s Democratic Republic of Algeria','Algerian dinar'),('People\'s Republic of Bangladesh','Taka'),('People\'s Republic of China','Renminbi'),('Plurinational State of Bolivia','Boliviano'),('Portuguese Republic','Euro'),('Principality of Andorra','Euro'),('Principality of Liechtenstein','Swiss franc'),('Principality of Monaco','Euro'),('Republic of Albania','Lek'),('Republic of Angola','Kwanza'),('Republic of Armenia','Dram'),('Republic of Austria','Euro'),('Republic of Azerbaijan','Manat'),('Republic of Belarus','Belarusian ruble'),('Republic of Benin','West African CFA franc'),('Republic of Botswana','Pula'),('Republic of Bulgaria','Lev'),('Republic of Burundi','Burundian franc'),('Republic of Cabo Verde','Cape Verdean escudo'),('Republic of Cameroon','Central African CFA franc'),('Republic of Chad','Central African CFA franc'),('Republic of Chile','Chilean peso'),('Republic of Colombia','Colombian peso'),('Republic of Costa Rica','Costa Rican colón'),('Republic of Côte d\'Ivoire','West African CFA franc'),('Republic of Croatia','Kuna'),('Republic of Cuba','Cuban peso'),('Republic of Cyprus','Euro'),('Republic of Djibouti','Djiboutian franc'),('Republic of Ecuador','United States dollar'),('Republic of El Salvador','Bitcoin'),('Republic of El Salvador','United States dollar'),('Republic of Equatorial Guinea','Central African CFA franc'),('Republic of Estonia','Euro'),('Republic of Fiji','Fijian dollar'),('Republic of Finland','Euro'),('Republic of Ghana','Cedi'),('Republic of Guatemala','Quetzal'),('Republic of Guinea','Guinean franc'),('Republic of Guinea-Bissau','West African CFA franc'),('Republic of Haiti','Gourde'),('Republic of Honduras','Lempira'),('Republic of India','Indian rupee'),('Republic of Indonesia','Indonesian rupiah'),('Republic of Iraq','Iraqi dinar'),('Republic of Kazakhstan','Tenge'),('Republic of Kenya','Kenyan shilling'),('Republic of Kiribati','AUD'),('Republic of Korea','Korean Republic won'),('Republic of Latvia','Euro'),('Republic of Liberia','Liberian dollar'),('Republic of Lithuania','Euro'),('Republic of Madagascar','Ariary'),('Republic of Malawi','Malawian kwacha'),('Republic of Maldives','Maldivian rufiyaa'),('Republic of Maldives','United States dollar'),('Republic of Mali','West African CFA franc'),('Republic of Malta','Euro'),('Republic of Mauritius','Mauritian rupee'),('Republic of Moldova','Moldovan leu'),('Republic of Mozambique','Metical'),('Republic of Namibia','Namibian dollar'),('Republic of Nauru','Australian dollar'),('Republic of Nicaragua','Córdoba'),('Republic of North Macedonia','Macedonian denar'),('Republic of Palau','United States dollar'),('Republic of Panama','Balboa'),('Republic of Panama','United States dollar'),('Republic of Paraguay','Guaraní'),('Republic of Peru','Sol'),('Republic of Poland','Złoty'),('Republic of Rwanda','Rwandan franc'),('Republic of San Marino','Euro'),('Republic of Senegal','West African CFA franc'),('Republic of Serbia','Serbian dinar'),('Republic of Seychelles','Seychellois rupee'),('Republic of Sierra Leone','Leone'),('Republic of Singapore','Singapore dollar'),('Republic of Slovenia','Euro'),('Republic of South Africa','South African rand'),('Republic of South Sudan','South Sudanese pound'),('Republic of Suriname','Surinamese dollar'),('Republic of Tajikistan','Somoni'),('Republic of the Congo','Central African CFA franc'),('Republic of The Gambia','Dalasi'),('Republic of the Marshall Islands','United States dollar'),('Republic of the Niger','West African CFA franc'),('Republic of the Philippines','Philippine peso'),('Republic of the Sudan','Sudanese pound'),('Republic of the Union of Myanmar','Kyat'),('Republic of Trinidad and Tobago','Trinidad and Tobago dollar'),('Republic of Tunisia','Tunisian dinar'),('Republic of Turkey','Turkish lira'),('Republic of Uganda','Ugandan shilling'),('Republic of Uzbekistan','Uzbek som'),('Republic of Vanuatu','Vatu'),('Republic of Yemen','Yemeni rial'),('Republic of Zambia','Zambian kwacha'),('Republic of Zimbabwe','Zimbabwean dollar'),('Romania','Romanian leu'),('Russian Federation','Russian ruble'),('Saint Lucia','East Caribbean dollar'),('Saint Vincent and the Grenadines','East Caribbean dollar'),('Slovak Republic','Euro'),('Socialist Republic of Vietnam','đồng'),('Solomon Islands','Solomon Islands dollar'),('State of Eritrea','Nakfa'),('State of Israel','New shekel'),('State of Kuwait','Kuwaiti dinar'),('State of Libya','Libyan dinar'),('State of Qatar','Qatari riyal'),('Sultanate of Oman','Omani rial'),('Swiss Confederation','Swiss franc'),('Syrian Arab Republic','Syrian pound'),('Togolese Republic','West African CFA franc'),('Turkmenistan','Turkmenistan manat'),('Tuvalu','Australian dollar'),('Tuvalu','Tuvaluan dollar'),('Ukraine','Hryvnia'),('Union of the Comoros','Comorian franc'),('United Arab Emirates','UAE dirham'),('United Kingdom of Great Britain and Northern Ireland','Pound sterling'),('United Mexican States','Mexican peso'),('United Republic of Tanzania','Tanzanian shilling'),('United States of America','U.S. dollar');
/*!40000 ALTER TABLE `currency` ENABLE KEYS */;

--
-- Table structure for table `official_lang`
--

DROP TABLE IF EXISTS `official_lang`;
/*!40101 SET @saved_cs_client     = @@character_set_client */;
/*!50503 SET character_set_client = utf8mb4 */;
CREATE TABLE `official_lang` (
  `country_name` varchar(255) NOT NULL,
  `official_language` varchar(255) NOT NULL,
  PRIMARY KEY (`country_name`,`official_language`),
  CONSTRAINT `official_lang_ibfk_1` FOREIGN KEY (`country_name`) REFERENCES `Country` (`name`) ON DELETE CASCADE ON UPDATE CASCADE
) ENGINE=InnoDB DEFAULT CHARSET=utf8mb4 COLLATE=utf8mb4_0900_ai_ci;
/*!40101 SET character_set_client = @saved_cs_client */;

--
-- Dumping data for table `official_lang`
--

/*!40000 ALTER TABLE `official_lang` DISABLE KEYS */;
INSERT INTO `official_lang` VALUES ('Antigua and Barbuda','English'),('Arab Republic of Egypt','Arabic'),('Argentine Republic','Spanish'),('Barbados','English'),('Belize','English, Spanish'),('Bolivarian Republic of Venezuela','Spanish'),('Bosnia and Herzegovina','None'),('Burkina Faso','French'),('Canada','English'),('Canada','French'),('Central African Republic','French'),('Central African Republic','Sango'),('Co-operative Republic of Guyana','English'),('Commonwealth of Australia','federal level'),('Commonwealth of Dominica','English'),('Commonwealth of The Bahamas','English'),('Czech Republic','Czech'),('Democratic People\'sRepublic of Korea','Korean'),('Democratic Republic of the Congo','French'),('Democratic Republic ofSão Tomé and Príncipe','Portuguese'),('Democratic Republic ofTimor-Leste','Portuguese'),('Democratic Republic ofTimor-Leste','Tetum'),('Democratic Socialist Republic of Sri Lanka','Sinhala'),('Denmark','Danish'),('Dominican Republic','Spanish'),('Federal Democratic Republic of Ethiopia','Afar'),('Federal Democratic Republic of Nepal','Nepali'),('Federal Republic of Germany','German'),('Federal Republic of Nigeria','English'),('Federal Republic of Somalia','Arabic'),('Federal Republic of Somalia','Somali'),('Federated States of Micronesia','English'),('Federation of Saint Christopher and Nevis','English'),('Federative Republic of Brazil','Portuguese'),('French Republic','French'),('Gabonese Republic','French'),('Georgia','Georgian'),('Grand Duchy of Luxembourg','Luxembourgish'),('Grenada','English'),('Hashemite Kingdom of Jordan','Arabic'),('Hellenic Republic','Greek'),('Hungary','Hungarian'),('Iceland','Icelandic'),('Independent State of Papua New Guinea','English'),('Independent State of Papua New Guinea','Hiri Motu'),('Independent State of Papua New Guinea','PNG Sign Language'),('Independent State of Papua New Guinea','Tok Pisin'),('Independent State of Samoa','English'),('Independent State of Samoa','Samoan'),('Ireland','Irish'),('Islamic Emirate of Afghanistan','Dari Persian'),('Islamic Emirate of Afghanistan','Pashto'),('Islamic Republic of Iran','Persian'),('Islamic Republic of Mauritania','Arabic'),('Islamic Republic of Pakistan','English'),('Islamic Republic of Pakistan','Urdu'),('Italian Republic','Italian'),('Jamaica','English'),('Japan','Japanese'),('Kingdom of Bahrain','Arabic'),('Kingdom of Belgium','Dutch'),('Kingdom of Belgium','French'),('Kingdom of Belgium','German'),('Kingdom of Bhutan','Dzongkha'),('Kingdom of Cambodia','Khmer'),('Kingdom of Eswatini','English'),('Kingdom of Eswatini','Swazi'),('Kingdom of Lesotho','English'),('Kingdom of Lesotho','Sesotho'),('Kingdom of Morocco','Arabic'),('Kingdom of Morocco','Berber'),('Kingdom of Norway','Norwegian'),('Kingdom of Norway','Sámi'),('Kingdom of Saudi Arabia','Arabic'),('Kingdom of Spain','Spanish'),('Kingdom of Sweden','Swedish'),('Kingdom of Thailand','Thai'),('Kingdom of Tonga','Tongan'),('Kyrgyz Republic','Kyrgyz'),('Kyrgyz Republic','Russian'),('Lao People\'s Democratic Republic','Lao'),('Lebanese Republic','Arabic'),('Malaysia','Malay'),('Mongolia','Mongolian'),('Montenegro','Montenegrin'),('Nation of Brunei, the Abode of Peace','Malay'),('Netherlands','Dutch'),('New Zealand','English'),('New Zealand','Māori'),('New Zealand','NZ Sign Language'),('Oriental Republic of Uruguay','Spanish'),('People\'s Democratic Republic of Algeria','Arabic'),('People\'s Democratic Republic of Algeria','Berber'),('People\'s Republic of Bangladesh','Bengali'),('People\'s Republic of China','Standard Chinese'),('Plurinational State of Bolivia','and 33 others (all Indigenous languages)'),('Plurinational State of Bolivia','Aymara'),('Plurinational State of Bolivia','Guarani'),('Plurinational State of Bolivia','Quechua'),('Plurinational State of Bolivia','Spanish'),('Portuguese Republic','Portuguese'),('Principality of Andorra','Catalan'),('Principality of Liechtenstein','German'),('Principality of Monaco','French'),('Republic of Albania','Albanian'),('Republic of Angola','Portuguese'),('Republic of Armenia','Armenian'),('Republic of Austria','German'),('Republic of Azerbaijan','Azerbaijani'),('Republic of Belarus','Belarusian'),('Republic of Belarus','Russian'),('Republic of Benin','French'),('Republic of Botswana','English'),('Republic of Botswana','Setswana'),('Republic of Bulgaria','Bulgarian'),('Republic of Burundi','Kirundi'),('Republic of Cabo Verde','Portuguese'),('Republic of Cameroon','English'),('Republic of Cameroon','French'),('Republic of Chad','Arabic'),('Republic of Chile','Spanish'),('Republic of Colombia','Spanish'),('Republic of Costa Rica','Spanish'),('Republic of Côte d\'Ivoire','French'),('Republic of Croatia','Croatian'),('Republic of Cuba','Spanish'),('Republic of Cyprus','Greek'),('Republic of Cyprus','Turkish'),('Republic of Djibouti','Arabic'),('Republic of Djibouti','French'),('Republic of Ecuador','Spanish'),('Republic of El Salvador','Spanish'),('Republic of Equatorial Guinea','French'),('Republic of Equatorial Guinea','Portuguese'),('Republic of Equatorial Guinea','Spanish'),('Republic of Estonia','Estonian'),('Republic of Fiji','English'),('Republic of Fiji','Fiji Hindi'),('Republic of Fiji','Fijian'),('Republic of Finland','Finnish'),('Republic of Finland','Swedish'),('Republic of Ghana','English'),('Republic of Guatemala','Spanish'),('Republic of Guinea','French'),('Republic of Guinea-Bissau','Portuguese'),('Republic of Haiti','French'),('Republic of Haiti','Haitian Creole'),('Republic of Honduras','Spanish'),('Republic of India','English'),('Republic of India','Hindi'),('Republic of Indonesia','Indonesian'),('Republic of Iraq','Arabic'),('Republic of Iraq','Kurdish'),('Republic of Kazakhstan','Kazakh'),('Republic of Kenya','English'),('Republic of Kenya','Swahili'),('Republic of Kiribati','Gilbertese'),('Republic of Korea','Korean'),('Republic of Latvia','Latvian'),('Republic of Liberia','English'),('Republic of Lithuania','Lithuanian'),('Republic of Madagascar','French'),('Republic of Madagascar','Malagasy'),('Republic of Malawi','English'),('Republic of Maldives','Dhivehi'),('Republic of Mali','French'),('Republic of Malta','Maltese'),('Republic of Mauritius','de jure'),('Republic of Moldova','Romanian'),('Republic of Mozambique','Portuguese'),('Republic of Namibia','English'),('Republic of Nauru','Nauruan'),('Republic of Nicaragua','Spanish'),('Republic of North Macedonia','Albanian'),('Republic of North Macedonia','Macedonian'),('Republic of Palau','English'),('Republic of Palau','Japanese'),('Republic of Palau','Palauan'),('Republic of Palau','Sonsorolese'),('Republic of Palau','Tobian'),('Republic of Panama','Spanish'),('Republic of Paraguay','Guarani'),('Republic of Paraguay','Spanish'),('Republic of Peru','Aymara'),('Republic of Peru','Other Indigenous languages'),('Republic of Peru','Quechua'),('Republic of Peru','Spanish'),('Republic of Poland','Polish'),('Republic of Rwanda','English'),('Republic of Rwanda','French'),('Republic of Rwanda','Kinyarwanda'),('Republic of Rwanda','Swahili'),('Republic of San Marino','Italian'),('Republic of Senegal','French'),('Republic of Serbia','Serbian'),('Republic of Seychelles','English'),('Republic of Seychelles','French'),('Republic of Seychelles','Seychellois Creole'),('Republic of Sierra Leone','English'),('Republic of Singapore','English'),('Republic of Singapore','Malay'),('Republic of Singapore','Mandarin'),('Republic of Singapore','Tamil'),('Republic of Slovenia','Slovene'),('Republic of South Africa','Afrikaans'),('Republic of South Africa','Arabic'),('Republic of South Africa','English'),('Republic of South Africa','German'),('Republic of South Africa','Greek'),('Republic of South Africa','Gujarati'),('Republic of South Africa','Hebrew'),('Republic of South Africa','Hindi'),('Republic of South Africa','isiNdebele'),('Republic of South Africa','Khoi languages'),('Republic of South Africa','Nama'),('Republic of South Africa','Portuguese'),('Republic of South Africa','San languages'),('Republic of South Africa','Sanskrit'),('Republic of South Africa','Sepedi'),('Republic of South Africa','Sesotho'),('Republic of South Africa','Setswana'),('Republic of South Africa','South African Sign Language'),('Republic of South Africa','Swazi'),('Republic of South Africa','Tamil'),('Republic of South Africa','Telugu'),('Republic of South Africa','Tshivenda'),('Republic of South Africa','Urdu'),('Republic of South Africa','Xhosa'),('Republic of South Africa','Xitsonga'),('Republic of South Africa','Zulu'),('Republic of South Sudan','English'),('Republic of Suriname','Dutch'),('Republic of Tajikistan','Tajik'),('Republic of the Congo','French'),('Republic of The Gambia','English'),('Republic of the Marshall Islands','English'),('Republic of the Marshall Islands','Marshallese'),('Republic of the Niger','French'),('Republic of the Philippines','English'),('Republic of the Philippines','Filipino'),('Republic of the Sudan','Arabic'),('Republic of the Sudan','English'),('Republic of the Union of Myanmar','Burmese'),('Republic of Trinidad and Tobago','English'),('Republic of Tunisia','Arabic'),('Republic of Turkey','Turkish'),('Republic of Uganda','English'),('Republic of Uganda','Swahili'),('Republic of Uzbekistan','Russian'),('Republic of Uzbekistan','Uzbek'),('Republic of Vanuatu','Bislama'),('Republic of Yemen','Arabic'),('Republic of Zambia','English'),('Republic of Zimbabwe','Chewa'),('Republic of Zimbabwe','Chibarwe'),('Republic of Zimbabwe','English'),('Republic of Zimbabwe','Kalanga'),('Republic of Zimbabwe','Koisan'),('Republic of Zimbabwe','Nambya'),('Republic of Zimbabwe','Ndau'),('Republic of Zimbabwe','Ndebele'),('Republic of Zimbabwe','Shangani'),('Republic of Zimbabwe','Shona'),('Republic of Zimbabwe','sign language'),('Republic of Zimbabwe','Sotho'),('Republic of Zimbabwe','Tonga'),('Republic of Zimbabwe','Tswana'),('Republic of Zimbabwe','Venda'),('Republic of Zimbabwe','Xhosa'),('Romania','Romanian'),('Russian Federation','Russian'),('Saint Lucia','English'),('Saint Vincent and the Grenadines','English'),('Slovak Republic','Slovak'),('Socialist Republic of Vietnam','Vietnamese'),('Solomon Islands','English'),('State of Eritrea','None (see working languages)'),('State of Israel','Hebrew'),('State of Kuwait','Arabic'),('State of Libya','Arabic'),('State of Qatar','Arabic'),('Sultanate of Oman','Arabic'),('Swiss Confederation','French'),('Swiss Confederation','German'),('Swiss Confederation','Italian'),('Syrian Arab Republic','Arabic'),('Togolese Republic','French'),('Turkmenistan','Turkmen'),('Tuvalu','English'),('Tuvalu','Tuvaluan'),('Ukraine','Ukrainian'),('Union of the Comoros','Comorian'),('United Arab Emirates','Arabic'),('United Kingdom of Great Britain and Northern Ireland','English'),('United Mexican States','federal level'),('United Republic of Tanzania','English'),('United Republic of Tanzania','Swahili'),('United States of America','None at the federal level');
/*!40000 ALTER TABLE `official_lang` ENABLE KEYS */;

--
-- Table structure for table `timezone`
--

DROP TABLE IF EXISTS `timezone`;
/*!40101 SET @saved_cs_client     = @@character_set_client */;
/*!50503 SET character_set_client = utf8mb4 */;
CREATE TABLE `timezone` (
  `country_name` varchar(255) NOT NULL,
  `timezone` varchar(255) NOT NULL,
  PRIMARY KEY (`country_name`,`timezone`),
  CONSTRAINT `timezone_ibfk_1` FOREIGN KEY (`country_name`) REFERENCES `Country` (`name`) ON DELETE CASCADE ON UPDATE CASCADE
) ENGINE=InnoDB DEFAULT CHARSET=utf8mb4 COLLATE=utf8mb4_0900_ai_ci;
/*!40101 SET character_set_client = @saved_cs_client */;

--
-- Dumping data for table `timezone`
--

/*!40000 ALTER TABLE `timezone` DISABLE KEYS */;
INSERT INTO `timezone` VALUES ('Antigua and Barbuda','UTC-4 (AST)'),('Arab Republic of Egypt','UTC+2 (EGY)'),('Argentine Republic','UTC−3 (ART)'),('Barbados','UTC−4 (AST)'),('Belize','UTC-6 (CST (GMT-6))'),('Bolivarian Republic of Venezuela','UTC−4 (VET)'),('Bosnia and Herzegovina','UTC+01 (CET)'),('Bosnia and Herzegovina','UTC+02 (CEST)'),('Burkina Faso','UTC  (GMT)'),('Canada','UTC−2.5 to −7'),('Canada','UTC−3.5 to −8'),('Central African Republic','UTC+1 (WAT)'),('Co-operative Republic of Guyana','UTC-4 (AST)'),('Commonwealth of Australia','UTC+8; +9.5; +10 (Various)'),('Commonwealth of Australia','UTC+8; +9.5; +10; +10.5; +11 (Various)'),('Commonwealth of Dominica','UTC–4 (AST)'),('Commonwealth of The Bahamas','UTC−4 (EDT)'),('Commonwealth of The Bahamas','UTC−5 (EST)'),('Czech Republic','UTC+1 (CET)'),('Czech Republic','UTC+2 (CEST)'),('Democratic People\'sRepublic of Korea','UTC+9 (Pyongyang Time)'),('Democratic Republic of the Congo','UTC+1 to +2 (WAT and CAT)'),('Democratic Republic ofSão Tomé and Príncipe','UTC  (GMT)'),('Democratic Republic ofTimor-Leste','UTC+9 (TLT)'),('Democratic Socialist Republic of Sri Lanka','UTC+5:30 (SLST)'),('Denmark','UTC+1 (CET)'),('Denmark','UTC+2 (CEST)'),('Dominican Republic','UTC  – 4:00 (Atlantic Standard Time)'),('Federal Democratic Republic of Ethiopia','UTC+3 (EAT)'),('Federal Democratic Republic of Nepal','UTC+05:45 (Nepal Standard Time)'),('Federal Republic of Germany','UTC+1 (CET)'),('Federal Republic of Germany','UTC+2 (CEST)'),('Federal Republic of Nigeria','UTC+01:00 (WAT)'),('Federal Republic of Somalia','UTC+3 (EAT)'),('Federated States of Micronesia','not observed'),('Federated States of Micronesia','UTC+10 and +11'),('Federation of Saint Christopher and Nevis','UTC-4 (AST)'),('Federative Republic of Brazil','UTC−2 to −5 (BRT)'),('French Republic','UTC+1 (Central European Time)'),('French Republic','UTC+2 (Central European Summer Time)'),('Gabonese Republic','UTC+1 (WAT)'),('Georgia','UTC+4 (Georgia Time GET)'),('Grand Duchy of Luxembourg','UTC+1 (CET)'),('Grand Duchy of Luxembourg','UTC+2 (CEST)'),('Grenada','UTC−4 (AST)'),('Hashemite Kingdom of Jordan','UTC+2 (EET)'),('Hashemite Kingdom of Jordan','UTC+3 (EEST)'),('Hellenic Republic','UTC+02:00 (EET)'),('Hellenic Republic','UTC+03:00 (EEST)'),('Hungary','UTC+1 (CET)'),('Hungary','UTC+2 (CEST)'),('Iceland','UTC (GMT/WET)'),('Independent State of Papua New Guinea',' +11 (AEST)'),('Independent State of Papua New Guinea','UTC+10'),('Independent State of Samoa','UTC+13c (WST)'),('Ireland','UTC  (GMT)'),('Ireland','UTC+1 (IST)'),('Islamic Emirate of Afghanistan','UTC+4:30Solar Calendar (D†)'),('Islamic Republic of Iran','UTC+3:30 (IRST)'),('Islamic Republic of Iran','UTC+4:30 (IRDT)'),('Islamic Republic of Mauritania','UTC  (GMT)'),('Islamic Republic of Pakistan','UTC+05:00 (PKT)'),('Italian Republic','UTC+1 (CET)'),('Italian Republic','UTC+2 (CEST)'),('Jamaica','UTC-5'),('Japan','UTC+09:00 (JST)'),('Kingdom of Bahrain','UTC+3 (AST)'),('Kingdom of Belgium','UTC+1 (CET)'),('Kingdom of Belgium','UTC+2 (CEST)'),('Kingdom of Bhutan','UTC+06 (BTT)'),('Kingdom of Cambodia','UTC+7 (ICT)'),('Kingdom of Eswatini','UTC+2 (SAST)'),('Kingdom of Lesotho','UTC+2 (South African Standard Time)'),('Kingdom of Morocco','UTC+1'),('Kingdom of Norway','UTC+1 (CET)'),('Kingdom of Norway','UTC+2 (CEST)'),('Kingdom of Saudi Arabia','UTC+3 (AST)'),('Kingdom of Spain','UTC+1 to +2 (WEST and CEST)'),('Kingdom of Spain','UTC⁠±0 to +1 (WET and CET)'),('Kingdom of Sweden','UTC+1 (CET)'),('Kingdom of Sweden','UTC+2 (CEST)'),('Kingdom of Thailand','UTC+7 (ICT)'),('Kingdom of Tonga','UTC+13'),('Kyrgyz Republic','UTC+6 (KGT)'),('Lao People\'s Democratic Republic','UTC+7 (ICT)'),('Lebanese Republic','UTC+2 (EET)'),('Lebanese Republic','UTC+3 (EEST)'),('Malaysia','UTC+8 (MST)'),('Mongolia','UTC+7/+8'),('Mongolia','UTC+8/+9'),('Montenegro','UTC+1 (CET)'),('Montenegro','UTC+2 (CEST)'),('Nation of Brunei, the Abode of Peace','UTC+8 (Brunei Darussalam Time)'),('Netherlands','UTC+1 (CET)UTC−4 (AST)'),('Netherlands','UTC+2 (CEST)UTC−4 (AST)'),('New Zealand','UTC+12 (NZST)'),('New Zealand','UTC+13 (NZDT)'),('Oriental Republic of Uruguay','UTC−3 (UYT)'),('People\'s Democratic Republic of Algeria','UTC+1 (CET)'),('People\'s Republic of Bangladesh','UTC+6 (BST)'),('People\'s Republic of China','UTC+8 (China Standard Time)'),('Plurinational State of Bolivia','UTC−4 (BOT)'),('Portuguese Republic','UTC  (WET) UTC−1 (Atlantic/Azores)'),('Portuguese Republic','UTC+1 (WEST) UTC (Atlantic/Azores)'),('Principality of Andorra','UTC+01 (CET)'),('Principality of Andorra','UTC+02 (CEST)'),('Principality of Liechtenstein','UTC+01:00 (CET)'),('Principality of Liechtenstein','UTC+02:00 (CEST)'),('Principality of Monaco','UTC+1 (CET)'),('Principality of Monaco','UTC+2 (CEST)'),('Republic of Albania','UTC+1 (CET)'),('Republic of Albania','UTC+2 (CEST)'),('Republic of Angola','UTC+1 (WAT)'),('Republic of Armenia','UTC+4 (AMT)'),('Republic of Austria','UTC+1 (CET)'),('Republic of Austria','UTC+2 (CEST)'),('Republic of Azerbaijan','UTC+4 (AZT)'),('Republic of Belarus','UTC+3 (MSK)'),('Republic of Benin','UTC+1 (WAT)'),('Republic of Botswana','Central Africa Time (GMT+2)'),('Republic of Bulgaria','UTC+2 (EET)'),('Republic of Bulgaria','UTC+3 (EEST)'),('Republic of Burundi','UTC+2 (CAT)'),('Republic of Cabo Verde','UTC–1 (CVT)'),('Republic of Cabo Verde','UTC–1 (not observed)'),('Republic of Cameroon','UTC+1 (WAT)'),('Republic of Chad','UTC+1 (WAT)'),('Republic of Chile','UTC-3 and −5'),('Republic of Chile','UTC−4 and −6 (CLT and EASTc)'),('Republic of Colombia','UTC−5 (COT)'),('Republic of Costa Rica','UTC−6 (CST)'),('Republic of Côte d\'Ivoire','UTC  (GMT)'),('Republic of Croatia','UTC+1 (CET)'),('Republic of Croatia','UTC+2 (CEST)'),('Republic of Cuba','UTC−4 (CDT)'),('Republic of Cuba','UTC−5 (CST)'),('Republic of Cyprus','UTC+2 (EET)'),('Republic of Cyprus','UTC+3 (EEST)'),('Republic of Djibouti','UTC+3 (EAT)'),('Republic of Ecuador','UTC−5 / −6 (ECT / GALT)'),('Republic of El Salvador','UTC−6 (CST)'),('Republic of Equatorial Guinea','UTC+1 (WAT)'),('Republic of Estonia','UTC+02:00 (EET)'),('Republic of Estonia','UTC+03:00 (EEST)'),('Republic of Fiji','UTC+12 (FJT)'),('Republic of Fiji','UTC+13 (FJST)'),('Republic of Finland','UTC+2 (EET)'),('Republic of Finland','UTC+3 (EEST)'),('Republic of Ghana','UTC  (GMT)'),('Republic of Guatemala','UTC−6 (CST)'),('Republic of Guinea','UTC  (GMT)'),('Republic of Guinea-Bissau','UTC  (GMT)'),('Republic of Haiti','UTC−4 (EDT)'),('Republic of Haiti','UTC−5 (EST)'),('Republic of Honduras','UTC−6 (CST)'),('Republic of India','UTC+05:30 (IST)'),('Republic of Indonesia','UTC+7 to +9 (various)'),('Republic of Iraq','UTC+3 (AST)'),('Republic of Kazakhstan','UTC+5 / +6 (West / East)'),('Republic of Kenya','UTC+3 (EAT)'),('Republic of Kiribati',' +13'),('Republic of Kiribati',' +14'),('Republic of Kiribati','UTC+12'),('Republic of Korea','UTC+9 (Korea Standard Time)'),('Republic of Latvia','UTC+2 (EET)'),('Republic of Latvia','UTC+3 (EEST)'),('Republic of Liberia','UTC  (GMT)'),('Republic of Lithuania','UTC+2 (EET)'),('Republic of Lithuania','UTC+3 (EEST)'),('Republic of Madagascar','UTC+3 (EAT)'),('Republic of Madagascar','UTC+3 (not observed)'),('Republic of Malawi','UTC+2 (CAT)'),('Republic of Maldives','UTC+5 (Maldives Time)'),('Republic of Mali','UTC  (GMT)'),('Republic of Malta','UTC+1 (Central European Time)'),('Republic of Malta','UTC+2 (Central European Summer Time)'),('Republic of Mauritius','UTC+4 (MUT)'),('Republic of Moldova','UTC+2 (EET)'),('Republic of Moldova','UTC+3 (EEST)'),('Republic of Mozambique','UTC+2 (CAT)'),('Republic of Namibia','UTC+2 (CAST)'),('Republic of Nauru','UTC+12'),('Republic of Nicaragua','UTC−6 (CST)'),('Republic of North Macedonia','UTC+1 (CET)'),('Republic of North Macedonia','UTC+2 (CEST)'),('Republic of Palau','UTC+9 (PWT)'),('Republic of Panama','UTC−5 (EST)'),('Republic of Paraguay','UTC–3 (PYST)'),('Republic of Paraguay','UTC–4 (PYT)'),('Republic of Peru','UTC−5 (PET)'),('Republic of Poland','UTC+1 (CET)'),('Republic of Poland','UTC+2 (CEST)'),('Republic of Rwanda','UTC+2 (CAT)'),('Republic of San Marino','UTC+01 (CET)'),('Republic of San Marino','UTC+02 (CEST)'),('Republic of Senegal','UTC  (GMT)'),('Republic of Serbia','UTC+1 (CET)'),('Republic of Serbia','UTC+2 (CEST)'),('Republic of Seychelles','UTC+4 (not observed)'),('Republic of Seychelles','UTC+4 (SCT)'),('Republic of Sierra Leone','UTC  (GMT)'),('Republic of Singapore','UTC+8 (Singapore Standard Time)'),('Republic of Slovenia','UTC+1 (CET)'),('Republic of Slovenia','UTC+2 (CEST)'),('Republic of South Africa','UTC+2 (SAST)'),('Republic of South Sudan','UTC+2 (Central Africa Time)'),('Republic of Suriname','UTC-3 (SRT)'),('Republic of Tajikistan','UTC+5 (TJT)'),('Republic of the Congo','UTC+1 (WAT)'),('Republic of The Gambia','UTC  (GMT)'),('Republic of the Marshall Islands','UTC+12 (MHT)'),('Republic of the Niger','UTC+1 (WAT)'),('Republic of the Philippines','UTC+08:00 (PST)'),('Republic of the Sudan','UTC+2 (CAT)'),('Republic of the Union of Myanmar','UTC+06:30 (MMT)'),('Republic of Trinidad and Tobago','UTC-4 (AST)'),('Republic of Tunisia','UTC+1 (CET)'),('Republic of Turkey','UTC+3 (TRT)'),('Republic of Uganda','UTC+3 (EAT)'),('Republic of Uzbekistan','UTC+5 (UZT)'),('Republic of Vanuatu','UTC+11 (VUT (Vanuatu Time))'),('Republic of Yemen','UTC+3 (AST)'),('Republic of Zambia','UTC+2 (CAT)'),('Republic of Zimbabwe','UTC+2 (CAT)'),('Romania','UTC+2 (EET)'),('Romania','UTC+3 (EEST)'),('Russian Federation','UTC+2 to +12'),('Saint Lucia','UTC−4 (AST)'),('Saint Vincent and the Grenadines','UTC-4 (AST)'),('Slovak Republic','UTC+1 (CET)'),('Slovak Republic','UTC+2 (CEST)'),('Socialist Republic of Vietnam','UTC+07:00 (Vietnam Standard Time)'),('Solomon Islands','UTC+11'),('State of Eritrea','UTC+3 (EAT)'),('State of Eritrea','UTC+3 (not observed)'),('State of Israel','UTC+2 (IST)'),('State of Israel','UTC+3 (IDT)'),('State of Kuwait','UTC+3 (AST)'),('State of Libya','UTC+2 (EET)'),('State of Qatar','UTC+3 (AST)'),('Sultanate of Oman','UTC+4 (GST)'),('Swiss Confederation','UTC+1 (CET)'),('Swiss Confederation','UTC+2 (CEST)'),('Syrian Arab Republic','UTC+2 (EET)'),('Syrian Arab Republic','UTC+3 (EEST)'),('Togolese Republic','UTC  (GMT)'),('Turkmenistan','UTC+05 (TMT)'),('Tuvalu','UTC+12'),('Ukraine','UTC+2 (EET)'),('Ukraine','UTC+3 (EEST)'),('Union of the Comoros','UTC+3 (EAT)'),('United Arab Emirates','UTC+04:00 (United Arab Emirates Standard Time)'),('United Kingdom of Great Britain and Northern Ireland',' WEST)'),('United Kingdom of Great Britain and Northern Ireland',' WET)'),('United Kingdom of Great Britain and Northern Ireland','UTC  (Greenwich Mean Time'),('United Kingdom of Great Britain and Northern Ireland','UTC+1 (British Summer Time'),('United Mexican States','UTC−7 to −5 (varies)'),('United Mexican States','UTC−8 to −5 (See Time in Mexico)'),('United Republic of Tanzania','UTC+3 (EAT)'),('United States of America',' +10'),('United States of America',' +11'),('United States of America','UTC−4 to −10'),('United States of America','UTC−4 to −12');
/*!40000 ALTER TABLE `timezone` ENABLE KEYS */;

--
-- Final view structure for view `User_age`
--

/*!50001 DROP VIEW IF EXISTS `User_age`*/;
/*!50001 SET @saved_cs_client          = @@character_set_client */;
/*!50001 SET @saved_cs_results         = @@character_set_results */;
/*!50001 SET @saved_col_connection     = @@collation_connection */;
/*!50001 SET character_set_client      = utf8mb4 */;
/*!50001 SET character_set_results     = utf8mb4 */;
/*!50001 SET collation_connection      = utf8mb4_unicode_ci */;
/*!50001 CREATE ALGORITHM=UNDEFINED */
-- /*!50013 DEFINER=`vscode`@`localhost` SQL SECURITY DEFINER */
/*!50001 VIEW `User_age` AS select timestampdiff(YEAR,`U`.`birthdate`,curdate()) AS `user_age` from `User` `U` */;
/*!50001 SET character_set_client      = @saved_cs_client */;
/*!50001 SET character_set_results     = @saved_cs_results */;
/*!50001 SET collation_connection      = @saved_col_connection */;
/*!40103 SET TIME_ZONE=@OLD_TIME_ZONE */;

/*!40101 SET SQL_MODE=@OLD_SQL_MODE */;
/*!40014 SET FOREIGN_KEY_CHECKS=@OLD_FOREIGN_KEY_CHECKS */;
/*!40014 SET UNIQUE_CHECKS=@OLD_UNIQUE_CHECKS */;
/*!40101 SET CHARACTER_SET_CLIENT=@OLD_CHARACTER_SET_CLIENT */;
/*!40101 SET CHARACTER_SET_RESULTS=@OLD_CHARACTER_SET_RESULTS */;
/*!40101 SET COLLATION_CONNECTION=@OLD_COLLATION_CONNECTION */;
/*!40111 SET SQL_NOTES=@OLD_SQL_NOTES */;

-- Dump completed on 2021-11-29 23:48:24
